ticker,date,period_ending,estimate,reported,surprise,surprise%
A,28-FEB-23,Jan 2023,1.31,1.37,0.06,4.58
AA,18-JAN-23,Dec 2022,-0.85,-0.7,0.15,17.65
AAL,26-JAN-23,Dec 2022,1.14,1.17,0.03,2.63
AAN,01-MAR-23,Dec 2022,-0.02,0.09,0.11,550.0
AAON,27-FEB-23,Dec 2022,0.55,0.71,0.16,29.09
AAP,28-FEB-23,Dec 2022,2.41,2.88,0.47,19.5
AAPL,02-FEB-23,Dec 2022,1.93,1.88,-0.05,-2.59
AAT,07-FEB-23,Dec 2022,0.55,0.16,-0.39,-70.91
ABBV,09-FEB-23,Dec 2022,3.54,3.6,0.06,1.69
ABC,01-FEB-23,Dec 2022,2.62,2.71,0.09,3.44
ABCB,26-JAN-23,Dec 2022,1.34,1.17,-0.17,-12.69
ABG,02-FEB-23,Dec 2022,8.23,9.12,0.89,10.81
ABM,08-MAR-23,Jan 2023,0.77,0.79,0.02,2.6
ABR,17-FEB-23,Dec 2022,0.47,0.6,0.13,27.66
ABT,25-JAN-23,Dec 2022,0.9,1.03,0.13,14.44
ABUS,02-MAR-23,Dec 2022,-0.14,-0.14,0.0,0.0
ACA,23-FEB-23,Dec 2022,0.19,0.24,0.05,26.32
ACAD,27-FEB-23,Dec 2022,-0.25,-0.26,-0.01,-4.0
ACCD,09-JAN-23,Nov 2022,-0.61,-0.56,0.05,8.2
ACCO,23-FEB-23,Dec 2022,0.33,0.32,-0.01,-3.03
ACEL,28-FEB-23,Dec 2022,0.22,0.23,0.01,4.55
ACET,15-MAR-23,Dec 2022,-0.56,-0.72,-0.16,-28.57
ACGL,13-FEB-23,Dec 2022,1.34,2.14,0.8,59.7
ACHC,27-FEB-23,Dec 2022,0.74,0.7,-0.04,-5.41
ACI,10-JAN-23,Nov 2022,0.67,0.87,0.2,29.85
ACLS,08-FEB-23,Dec 2022,1.46,1.71,0.25,17.12
ACM,06-FEB-23,Dec 2022,0.82,0.86,0.04,4.88
ACMR,24-FEB-23,Dec 2022,0.1,0.19,0.09,90.0
ACN,16-DEC-22,Nov 2022,2.91,3.08,0.17,5.84
ACRE,15-FEB-23,Dec 2022,0.36,0.44,0.08,22.22
ACRS,23-FEB-23,Dec 2022,-0.46,-0.41,0.05,10.87
ACT,06-FEB-23,Dec 2022,0.92,0.9,-0.02,-2.17
ADBE,15-DEC-22,Nov 2022,3.5,2.78,-0.72,-20.57
ADC,14-FEB-23,Dec 2022,0.95,0.44,-0.51,-53.68
ADI,15-FEB-23,Jan 2023,2.59,2.75,0.16,6.18
ADM,26-JAN-23,Dec 2022,1.64,1.93,0.29,17.68
ADMA,23-MAR-23,Dec 2022,-0.07,-0.06,0.01,14.29
ADNT,07-FEB-23,Dec 2022,0.4,0.34,-0.06,-15.0
ADP,25-JAN-23,Dec 2022,1.95,1.96,0.01,0.51
ADPT,14-FEB-23,Dec 2022,-0.37,-0.28,0.09,24.32
ADSK,23-FEB-23,Jan 2023,1.81,1.86,0.05,2.76
ADT,28-FEB-23,Dec 2022,0.21,0.1,-0.11,-52.38
ADTN,21-FEB-23,Dec 2022,0.16,0.12,-0.04,-25.0
ADUS,27-FEB-23,Dec 2022,0.97,1.11,0.14,14.43
AEE,15-FEB-23,Dec 2022,0.56,0.63,0.07,12.5
AEIS,08-FEB-23,Dec 2022,1.58,1.7,0.12,7.59
AEL,16-FEB-23,Dec 2022,0.96,0.79,-0.17,-17.71
AEO,01-MAR-23,Jan 2023,0.3,0.37,0.07,23.33
AEP,23-FEB-23,Dec 2022,0.99,1.05,0.06,6.06
AES,27-FEB-23,Dec 2022,0.46,0.49,0.03,6.52
AFG,01-FEB-23,Dec 2022,2.95,2.99,0.04,1.36
AFL,01-FEB-23,Dec 2022,1.21,1.29,0.08,6.61
AGCO,07-FEB-23,Dec 2022,3.88,4.47,0.59,15.21
AGEN,14-MAR-23,Dec 2022,-0.22,-0.24,-0.02,-9.09
AGIO,23-FEB-23,Dec 2022,-1.59,0.67,2.26,142.14
AGL,01-MAR-23,Dec 2022,-0.08,-0.14,-0.06,-75.0
AGM,24-FEB-23,Dec 2022,2.89,3.16,0.27,9.34
AGNC,30-JAN-23,Dec 2022,0.67,0.74,0.07,10.45
AGR,21-FEB-23,Dec 2022,0.39,0.39,0.0,0.0
AGTI,07-MAR-23,Dec 2022,0.18,0.18,0.0,0.0
AGYS,24-JAN-23,Dec 2022,0.24,0.26,0.02,8.33
AHCO,27-FEB-23,Dec 2022,0.31,0.01,-0.3,-96.77
AHH,14-FEB-23,Dec 2022,0.32,0.13,-0.19,-59.38
AI,02-MAR-23,Jan 2023,-0.22,-0.06,0.16,72.73
AIG,15-FEB-23,Dec 2022,1.19,1.36,0.17,14.29
AIN,13-FEB-23,Dec 2022,0.7,0.75,0.05,7.14
AIR,20-DEC-22,Nov 2022,0.69,0.69,0.0,0.0
AIRC,09-FEB-23,Dec 2022,0.59,2.17,1.58,267.8
AIT,26-JAN-23,Dec 2022,1.71,2.05,0.34,19.88
AIZ,07-FEB-23,Dec 2022,2.59,3.23,0.64,24.71
AJG,26-JAN-23,Dec 2022,1.5,1.54,0.04,2.67
AJRD,15-FEB-23,Dec 2022,0.6,0.31,-0.29,-48.33
AKAM,14-FEB-23,Dec 2022,1.27,1.37,0.1,7.87
AKR,14-FEB-23,Dec 2022,0.26,0.04,-0.22,-84.62
AKRO,17-MAR-23,Dec 2022,-0.78,-0.49,0.29,37.18
AKTS,07-FEB-23,Dec 2022,-0.25,-0.19,0.06,24.0
AL,16-FEB-23,Dec 2022,1.05,1.21,0.16,15.24
ALB,15-FEB-23,Dec 2022,8.46,8.62,0.16,1.89
ALE,16-FEB-23,Dec 2022,1.11,0.9,-0.21,-18.92
ALEC,28-FEB-23,Dec 2022,-0.54,-0.63,-0.09,-16.67
ALEX,28-FEB-23,Dec 2022,0.24,0.22,-0.02,-8.33
ALG,23-FEB-23,Dec 2022,1.96,2.44,0.48,24.49
ALGM,31-JAN-23,Dec 2022,0.32,0.35,0.03,9.38
ALGN,01-FEB-23,Dec 2022,1.52,1.73,0.21,13.82
ALGT,01-FEB-23,Dec 2022,0.79,3.17,2.38,301.27
ALK,26-JAN-23,Dec 2022,0.9,0.92,0.02,2.22
ALKS,16-FEB-23,Dec 2022,0.05,0.14,0.09,180.0
ALKT,23-FEB-23,Dec 2022,-0.06,-0.05,0.01,16.67
ALL,01-FEB-23,Dec 2022,-1.37,-1.36,0.01,0.73
ALLE,22-FEB-23,Dec 2022,1.37,1.6,0.23,16.79
ALLO,28-FEB-23,Dec 2022,-0.71,-0.66,0.05,7.04
ALLY,20-JAN-23,Dec 2022,0.98,1.08,0.1,10.2
ALNY,23-FEB-23,Dec 2022,-2.13,-1.68,0.45,21.13
ALRM,23-FEB-23,Dec 2022,0.43,0.53,0.1,23.26
ALRS,25-JAN-23,Dec 2022,0.58,0.53,-0.05,-8.62
ALSN,15-FEB-23,Dec 2022,1.21,1.52,0.31,25.62
ALTG,09-MAR-23,Dec 2022,0.04,-0.05,-0.09,-225.0
ALTR,23-FEB-23,Dec 2022,0.18,0.31,0.13,72.22
ALX,13-FEB-23,Dec 2022,4.08,2.57,-1.51,-37.01
ALXO,09-MAR-23,Dec 2022,-0.91,-0.6,0.31,34.07
AM,15-FEB-23,Dec 2022,0.17,0.2,0.03,17.65
AMAL,26-JAN-23,Dec 2022,0.73,0.83,0.1,13.7
AMAT,16-FEB-23,Jan 2023,1.93,2.03,0.1,5.18
AMBA,28-FEB-23,Jan 2023,0.15,0.23,0.08,53.33
AMC,28-FEB-23,Dec 2022,-0.21,-0.14,0.07,33.33
AMCR,07-FEB-23,Dec 2022,0.18,0.19,0.01,5.56
AMCX,17-FEB-23,Dec 2022,1.23,2.52,1.29,104.88
AMD,31-JAN-23,Dec 2022,0.66,0.69,0.03,4.55
AME,02-FEB-23,Dec 2022,1.47,1.52,0.05,3.4
AMED,15-FEB-23,Dec 2022,1.03,1.16,0.13,12.62
AMEH,23-FEB-23,Dec 2022,0.09,0.02,-0.07,-77.78
AMG,06-FEB-23,Dec 2022,7.03,7.28,0.25,3.56
AMGN,31-JAN-23,Dec 2022,4.04,4.09,0.05,1.24
AMH,23-FEB-23,Dec 2022,0.4,0.25,-0.15,-37.5
AMK,22-FEB-23,Dec 2022,0.44,0.46,0.02,4.55
AMKR,13-FEB-23,Dec 2022,0.7,0.67,-0.03,-4.29
AMN,16-FEB-23,Dec 2022,2.17,2.48,0.31,14.29
AMOT,07-MAR-23,Dec 2022,0.41,0.43,0.02,4.88
AMP,25-JAN-23,Dec 2022,6.35,6.94,0.59,9.29
AMPH,28-FEB-23,Dec 2022,0.38,0.73,0.35,92.11
AMPL,15-FEB-23,Dec 2022,-0.04,-0.03,0.01,25.0
AMPY,09-MAR-23,Dec 2022,-0.07,0.74,0.81,1157.14
AMR,23-FEB-23,Dec 2022,15.56,13.37,-2.19,-14.07
AMRC,27-FEB-23,Dec 2022,0.39,0.35,-0.04,-10.26
AMRK,06-FEB-23,Dec 2022,2.22,1.88,-0.34,-15.32
AMRS,15-MAR-23,Dec 2022,-0.2,-0.52,-0.32,-160.0
AMRX,02-MAR-23,Dec 2022,0.21,0.23,0.02,9.52
AMSF,20-FEB-23,Dec 2022,0.65,0.84,0.19,29.23
AMSWA,23-FEB-23,Jan 2023,0.08,0.13,0.05,62.5
AMT,23-FEB-23,Dec 2022,2.23,-1.47,-3.7,-165.92
AMTB,19-JAN-23,Dec 2022,0.7,0.4,-0.3,-42.86
AMWD,28-FEB-23,Jan 2023,1.75,1.46,-0.29,-16.57
AMWL,22-FEB-23,Dec 2022,-0.25,-0.22,0.03,12.0
AMZN,02-FEB-23,Dec 2022,0.15,0.21,0.06,40.0
AN,17-FEB-23,Dec 2022,5.89,6.37,0.48,8.15
ANAB,01-MAR-23,Dec 2022,-0.92,-0.93,-0.01,-1.09
ANDE,14-FEB-23,Dec 2022,0.4,0.98,0.58,145.0
ANET,13-FEB-23,Dec 2022,1.21,1.41,0.2,16.53
ANF,01-MAR-23,Jan 2023,0.85,0.81,-0.04,-4.71
ANGO,05-JAN-23,Nov 2022,-0.01,0.01,0.02,200.0
ANIK,06-MAR-23,Dec 2022,-0.22,-0.34,-0.12,-54.55
ANIP,09-MAR-23,Dec 2022,0.68,0.76,0.08,11.76
ANSS,22-FEB-23,Dec 2022,2.79,3.09,0.3,10.75
AON,03-FEB-23,Dec 2022,3.67,3.89,0.22,5.99
AOS,31-JAN-23,Dec 2022,0.79,0.86,0.07,8.86
AOSL,06-FEB-23,Dec 2022,0.91,0.67,-0.24,-26.37
APA,22-FEB-23,Dec 2022,1.44,1.48,0.04,2.78
APAM,31-JAN-23,Dec 2022,0.62,0.65,0.03,4.84
APD,02-FEB-23,Dec 2022,2.73,2.64,-0.09,-3.3
APG,28-FEB-23,Dec 2022,0.34,0.36,0.02,5.88
APH,25-JAN-23,Dec 2022,0.75,0.78,0.03,4.0
APLE,21-FEB-23,Dec 2022,0.32,0.01,-0.31,-96.88
APLS,21-FEB-23,Dec 2022,-1.65,-1.5,0.15,9.09
APO,09-FEB-23,Dec 2022,1.47,1.42,-0.05,-3.4
APOG,22-DEC-22,Nov 2022,0.98,1.07,0.09,9.18
APPF,26-JAN-23,Dec 2022,-0.13,-0.05,0.08,61.54
APPN,16-FEB-23,Dec 2022,-0.4,-0.28,0.12,30.0
APPS,08-FEB-23,Dec 2022,0.37,0.29,-0.08,-21.62
APTV,02-FEB-23,Dec 2022,1.19,1.27,0.08,6.72
AQUA,31-JAN-23,Dec 2022,0.15,0.17,0.02,13.33
AR,15-FEB-23,Dec 2022,0.83,1.04,0.21,25.3
ARCB,03-FEB-23,Dec 2022,2.64,2.45,-0.19,-7.2
ARCH,16-FEB-23,Dec 2022,10.9,23.18,12.28,112.66
ARCT,28-MAR-23,Dec 2022,-1.86,4.33,6.19,332.8
ARE,30-JAN-23,Dec 2022,2.13,0.31,-1.82,-85.45
ARES,09-FEB-23,Dec 2022,1.07,1.21,0.14,13.08
ARGO,27-FEB-23,Dec 2022,-1.62,-2.69,-1.07,-66.05
ARI,08-FEB-23,Dec 2022,0.36,0.31,-0.05,-13.89
ARIS,06-MAR-23,Dec 2022,0.16,0.15,-0.01,-6.25
ARLO,07-MAR-23,Dec 2022,-0.11,-0.04,0.07,63.64
ARMK,07-FEB-23,Dec 2022,0.42,0.41,-0.01,-2.38
ARNC,21-FEB-23,Dec 2022,0.25,0.31,0.06,24.0
AROC,21-FEB-23,Dec 2022,0.06,0.07,0.01,16.67
AROW,30-JAN-23,Dec 2022,0.8,0.73,-0.07,-8.75
ARQT,28-FEB-23,Dec 2022,-1.37,-1.18,0.19,13.87
ARR,15-FEB-23,Dec 2022,0.31,0.27,-0.04,-12.9
ARRY,21-MAR-23,Dec 2022,0.09,0.1,0.01,11.11
ARVN,23-FEB-23,Dec 2022,-1.04,-1.56,-0.52,-50.0
ARW,02-FEB-23,Dec 2022,5.68,5.69,0.01,0.18
ARWR,06-FEB-23,Dec 2022,1.14,-0.39,-1.53,-134.21
ASAN,08-MAR-23,Jan 2023,-0.27,-0.15,0.12,44.44
ASB,26-JAN-23,Dec 2022,0.65,0.7,0.05,7.69
ASC,14-FEB-23,Dec 2022,1.28,1.3,0.02,1.56
ASGN,08-FEB-23,Dec 2022,1.5,1.51,0.01,0.67
ASH,31-JAN-23,Dec 2022,0.95,0.97,0.02,2.11
ASIX,17-FEB-23,Dec 2022,1.56,1.27,-0.29,-18.59
ASLE,06-MAR-23,Dec 2022,0.18,0.23,0.05,27.78
ASO,16-MAR-23,Jan 2023,1.85,2.04,0.19,10.27
ASPN,15-FEB-23,Dec 2022,-0.32,-0.2,0.12,37.5
ASTE,01-MAR-23,Dec 2022,0.38,0.34,-0.04,-10.53
ATEC,28-FEB-23,Dec 2022,-0.3,-0.33,-0.03,-10.0
ATEN,07-FEB-23,Dec 2022,0.23,0.24,0.01,4.35
ATEX,09-FEB-23,Dec 2022,-0.71,-0.66,0.05,7.04
ATGE,02-FEB-23,Dec 2022,0.89,1.17,0.28,31.46
ATI,02-FEB-23,Dec 2022,0.53,0.53,0.0,0.0
ATKR,01-FEB-23,Dec 2022,4.04,4.61,0.57,14.11
ATNI,22-FEB-23,Dec 2022,0.03,-0.18,-0.21,-700.0
ATO,07-FEB-23,Dec 2022,1.93,1.91,-0.02,-1.04
ATR,16-FEB-23,Dec 2022,0.78,0.92,0.14,17.95
ATRA,08-FEB-23,Dec 2022,-0.61,-0.72,-0.11,-18.03
ATRC,21-FEB-23,Dec 2022,-0.18,-0.09,0.09,50.0
ATRO,02-MAR-23,Dec 2022,-0.16,-0.21,-0.05,-31.25
ATSG,23-FEB-23,Dec 2022,0.57,0.53,-0.04,-7.02
ATUS,22-FEB-23,Dec 2022,0.22,-0.43,-0.65,-295.45
ATVI,06-FEB-23,Dec 2022,1.51,1.87,0.36,23.84
AUB,24-JAN-23,Dec 2022,0.83,0.9,0.07,8.43
AUPH,28-FEB-23,Dec 2022,-0.26,-0.18,0.08,30.77
AVA,22-FEB-23,Dec 2022,0.72,1.05,0.33,45.83
AVAV,06-MAR-23,Jan 2023,0.34,0.33,-0.01,-2.94
AVB,08-FEB-23,Dec 2022,2.58,1.72,-0.86,-33.33
AVD,13-MAR-23,Dec 2022,0.07,0.14,0.07,100.0
AVDX,01-MAR-23,Dec 2022,-0.09,-0.04,0.05,55.56
AVGO,02-MAR-23,Jan 2023,10.16,10.33,0.17,1.67
AVID,01-MAR-23,Dec 2022,0.47,0.45,-0.02,-4.26
AVIR,28-FEB-23,Dec 2022,-0.45,-0.41,0.04,8.89
AVNS,21-FEB-23,Dec 2022,0.48,0.6,0.12,25.0
AVNT,15-FEB-23,Dec 2022,0.3,0.39,0.09,30.0
AVPT,09-MAR-23,Dec 2022,0.02,-0.02,-0.04,-200.0
AVT,01-FEB-23,Dec 2022,1.83,2.0,0.17,9.29
AVTR,03-FEB-23,Dec 2022,0.3,0.32,0.02,6.67
AVXL,07-FEB-23,Dec 2022,-0.2,-0.17,0.03,15.0
AVY,02-FEB-23,Dec 2022,2.1,1.65,-0.45,-21.43
AWI,21-FEB-23,Dec 2022,1.11,1.08,-0.03,-2.7
AWK,15-FEB-23,Dec 2022,0.76,0.81,0.05,6.58
AWR,01-MAR-23,Dec 2022,0.84,0.5,-0.34,-40.48
AX,26-JAN-23,Dec 2022,1.23,1.38,0.15,12.2
AXGN,14-MAR-23,Dec 2022,-0.1,-0.03,0.07,70.0
AXL,17-FEB-23,Dec 2022,0.01,-0.07,-0.08,-800.0
AXNX,01-MAR-23,Dec 2022,-0.23,0.01,0.24,104.35
AXON,28-FEB-23,Dec 2022,0.5,0.7,0.2,40.0
AXP,27-JAN-23,Dec 2022,2.18,2.07,-0.11,-5.05
AXS,25-JAN-23,Dec 2022,1.7,1.95,0.25,14.71
AXSM,27-FEB-23,Dec 2022,-1.18,-1.28,-0.1,-8.47
AXTA,25-JAN-23,Dec 2022,0.36,0.38,0.02,5.56
AXTI,16-FEB-23,Dec 2022,0.03,0.05,0.02,66.67
AYI,09-JAN-23,Nov 2022,2.92,3.04,0.12,4.11
AYX,09-FEB-23,Dec 2022,0.51,0.84,0.33,64.71
AZEK,08-FEB-23,Dec 2022,-0.11,-0.09,0.02,18.18
AZO,06-DEC-22,Nov 2022,25.15,27.45,2.3,9.15
AZPN,25-JAN-23,Dec 2022,1.27,0.35,-0.92,-72.44
AZZ,09-JAN-23,Nov 2022,0.93,0.88,-0.05,-5.38
B,17-FEB-23,Dec 2022,0.48,0.52,0.04,8.33
BA,25-JAN-23,Dec 2022,0.05,-1.75,-1.8,-3600.0
BAC,13-JAN-23,Dec 2022,0.76,0.85,0.09,11.84
BAH,27-JAN-23,Dec 2022,1.02,1.07,0.05,4.9
BALL,02-FEB-23,Dec 2022,0.54,0.44,-0.1,-18.52
BANC,19-JAN-23,Dec 2022,0.44,0.45,0.01,2.27
BAND,23-FEB-23,Dec 2022,0.04,0.19,0.15,375.0
BANF,19-JAN-23,Dec 2022,1.76,1.7,-0.06,-3.41
BANR,19-JAN-23,Dec 2022,1.56,1.68,0.12,7.69
BASE,07-MAR-23,Jan 2023,-0.34,-0.18,0.16,47.06
BATRK,01-MAR-23,Dec 2022,-0.85,-1.05,-0.2,-23.53
BAX,09-FEB-23,Dec 2022,0.94,0.88,-0.06,-6.38
BBBY,10-JAN-23,Nov 2022,-2.36,-3.65,-1.29,-54.66
BBIO,23-FEB-23,Dec 2022,-0.86,-0.87,-0.01,-1.16
BBSI,01-MAR-23,Dec 2022,1.63,1.64,0.01,0.61
BBW,09-MAR-23,Jan 2023,1.12,1.3,0.18,16.07
BBY,02-MAR-23,Jan 2023,2.09,2.61,0.52,24.88
BC,02-FEB-23,Dec 2022,1.97,1.99,0.02,1.02
BCBP,26-JAN-23,Dec 2022,0.75,0.69,-0.06,-8.0
BCC,21-FEB-23,Dec 2022,2.97,2.95,-0.02,-0.67
BCO,22-FEB-23,Dec 2022,1.77,2.1,0.33,18.64
BCPC,24-FEB-23,Dec 2022,0.9,0.66,-0.24,-26.67
BCRX,21-FEB-23,Dec 2022,-0.19,-0.38,-0.19,-100.0
BDC,08-FEB-23,Dec 2022,1.66,1.75,0.09,5.42
BDN,01-FEB-23,Dec 2022,0.32,0.17,-0.15,-46.88
BDX,02-FEB-23,Dec 2022,2.67,2.98,0.31,11.61
BE,09-FEB-23,Dec 2022,0.14,0.27,0.13,92.86
BEAM,28-FEB-23,Dec 2022,-1.32,-0.54,0.78,59.09
BECN,23-FEB-23,Dec 2022,1.16,1.22,0.06,5.17
BEN,30-JAN-23,Dec 2022,0.54,0.51,-0.03,-5.56
BERY,02-FEB-23,Dec 2022,1.27,1.3,0.03,2.36
BFAM,16-FEB-23,Dec 2022,0.74,0.77,0.03,4.05
BFC,17-JAN-23,Dec 2022,1.73,1.55,-0.18,-10.4
BFLY,28-FEB-23,Dec 2022,-0.21,-0.17,0.04,19.05
BFS,02-MAR-23,Dec 2022,0.73,0.38,-0.35,-47.95
BFST,25-JAN-23,Dec 2022,0.61,0.66,0.05,8.2
BG,08-FEB-23,Dec 2022,3.19,3.24,0.05,1.57
BGCP,27-FEB-23,Dec 2022,0.15,0.16,0.01,6.67
BGS,28-FEB-23,Dec 2022,0.23,0.4,0.17,73.91
BHB,19-JAN-23,Dec 2022,0.81,0.83,0.02,2.47
BHF,09-FEB-23,Dec 2022,1.93,3.51,1.58,81.87
BHLB,26-JAN-23,Dec 2022,0.64,0.64,0.0,0.0
BHR,22-FEB-23,Dec 2022,0.11,-0.19,-0.3,-272.73
BHVN,23-MAR-23,Dec 2022,-1.24,-3.32,-2.08,-167.74
BIG,02-MAR-23,Jan 2023,-0.69,-0.28,0.41,59.42
BIGC,23-FEB-23,Dec 2022,-0.18,-0.1,0.08,44.44
BIIB,15-FEB-23,Dec 2022,3.51,4.05,0.54,15.38
BILL,02-FEB-23,Dec 2022,0.13,0.42,0.29,223.08
BIO,16-FEB-23,Dec 2022,3.45,3.31,-0.14,-4.06
BJ,09-MAR-23,Jan 2023,0.89,1.0,0.11,12.36
BJRI,16-FEB-23,Dec 2022,0.07,0.17,0.1,142.86
BK,13-JAN-23,Dec 2022,1.22,1.3,0.08,6.56
BKD,21-FEB-23,Dec 2022,-0.43,-0.13,0.3,69.77
BKI,28-FEB-23,Dec 2022,0.55,0.52,-0.03,-5.45
BKNG,23-FEB-23,Dec 2022,20.97,24.74,3.77,17.98
BKR,23-JAN-23,Dec 2022,0.41,0.38,-0.03,-7.32
BKU,19-JAN-23,Dec 2022,1.11,0.82,-0.29,-26.13
BL,14-FEB-23,Dec 2022,0.17,0.35,0.18,105.88
BLBD,08-FEB-23,Dec 2022,-0.25,-0.3,-0.05,-20.0
BLD,23-FEB-23,Dec 2022,4.02,4.4,0.38,9.45
BLDR,28-FEB-23,Dec 2022,2.37,3.21,0.84,35.44
BLFS,16-MAR-23,Dec 2022,-0.19,-1.15,-0.96,-505.26
BLK,13-JAN-23,Dec 2022,7.99,8.93,0.94,11.76
BLKB,13-FEB-23,Dec 2022,0.58,0.68,0.1,17.24
BLMN,16-FEB-23,Dec 2022,0.63,0.68,0.05,7.94
BLND,16-MAR-23,Dec 2022,-0.17,-0.21,-0.04,-23.53
BLNK,28-FEB-23,Dec 2022,-0.49,-0.41,0.08,16.33
BLUE,29-MAR-23,Dec 2022,-0.45,0.38,0.83,184.44
BMI,27-JAN-23,Dec 2022,0.6,0.6,0.0,0.0
BMRC,23-JAN-23,Dec 2022,0.79,0.81,0.02,2.53
BMRN,27-FEB-23,Dec 2022,0.39,0.36,-0.03,-7.69
BMY,02-FEB-23,Dec 2022,1.71,1.82,0.11,6.43
BNGO,09-MAR-23,Dec 2022,-0.09,-0.13,-0.04,-44.44
BNL,22-FEB-23,Dec 2022,0.38,0.2,-0.18,-47.37
BOH,23-JAN-23,Dec 2022,1.45,1.5,0.05,3.45
BOKF,25-JAN-23,Dec 2022,2.29,2.51,0.22,9.61
BOOM,23-FEB-23,Dec 2022,0.3,0.22,-0.08,-26.67
BOOT,25-JAN-23,Dec 2022,1.74,1.74,0.0,0.0
BOX,01-MAR-23,Jan 2023,0.34,0.37,0.03,8.82
BPMC,16-FEB-23,Dec 2022,-2.73,-2.65,0.08,2.93
BPOP,25-JAN-23,Dec 2022,2.75,3.56,0.81,29.45
BR,02-FEB-23,Dec 2022,0.91,0.91,0.0,0.0
BRBR,06-FEB-23,Dec 2022,0.27,0.33,0.06,22.22
BRC,24-FEB-23,Jan 2023,0.78,0.81,0.03,3.85
BRKL,25-JAN-23,Dec 2022,0.4,0.39,-0.01,-2.5
BRKR,09-FEB-23,Dec 2022,0.72,0.74,0.02,2.78
BRMK,27-FEB-23,Dec 2022,0.12,0.09,-0.03,-25.0
BRO,23-JAN-23,Dec 2022,0.44,0.5,0.06,13.64
BRP,28-FEB-23,Dec 2022,0.1,0.12,0.02,20.0
BRSP,21-FEB-23,Dec 2022,0.24,0.27,0.03,12.5
BRX,13-FEB-23,Dec 2022,0.49,0.35,-0.14,-28.57
BRY,22-FEB-23,Dec 2022,0.24,0.95,0.71,295.83
BSIG,02-FEB-23,Dec 2022,0.49,0.67,0.18,36.73
BSRR,30-JAN-23,Dec 2022,0.72,0.47,-0.25,-34.72
BSX,01-FEB-23,Dec 2022,0.47,0.45,-0.02,-4.26
BSY,28-FEB-23,Dec 2022,0.19,0.19,0.0,0.0
BTAI,09-MAR-23,Dec 2022,-1.49,-1.95,-0.46,-30.87
BTU,14-FEB-23,Dec 2022,1.82,2.65,0.83,45.6
BURL,02-MAR-23,Jan 2023,2.72,2.96,0.24,8.82
BUSE,24-JAN-23,Dec 2022,0.74,0.65,-0.09,-12.16
BV,07-FEB-23,Dec 2022,-0.09,-0.01,0.08,88.89
BVH,13-MAR-23,Dec 2022,0.56,0.61,0.05,8.93
BW,15-MAR-23,Dec 2022,0.06,0.02,-0.04,-66.67
BWA,09-FEB-23,Dec 2022,1.04,1.26,0.22,21.15
BWB,25-JAN-23,Dec 2022,0.46,0.45,-0.01,-2.17
BWXT,23-FEB-23,Dec 2022,0.95,0.93,-0.02,-2.11
BX,26-JAN-23,Dec 2022,0.96,1.07,0.11,11.46
BXC,21-FEB-23,Dec 2022,3.12,3.97,0.85,27.24
BXMT,08-FEB-23,Dec 2022,0.72,0.87,0.15,20.83
BXP,31-JAN-23,Dec 2022,1.84,0.78,-1.06,-57.61
BY,26-JAN-23,Dec 2022,0.59,0.67,0.08,13.56
BYD,02-FEB-23,Dec 2022,1.45,1.72,0.27,18.62
BYND,23-FEB-23,Dec 2022,-1.13,-1.05,0.08,7.08
BZH,02-FEB-23,Dec 2022,0.78,0.8,0.02,2.56
C,13-JAN-23,Dec 2022,1.18,1.1,-0.08,-6.78
CABO,23-FEB-23,Dec 2022,12.56,8.94,-3.62,-28.82
CAC,31-JAN-23,Dec 2022,1.05,1.05,0.0,0.0
CACC,31-JAN-23,Dec 2022,7.71,9.58,1.87,24.25
CACI,25-JAN-23,Dec 2022,4.35,4.28,-0.07,-1.61
CADE,30-JAN-23,Dec 2022,0.75,0.78,0.03,4.0
CAG,05-JAN-23,Nov 2022,0.66,0.81,0.15,22.73
CAH,02-FEB-23,Dec 2022,1.13,1.32,0.19,16.81
CAKE,22-FEB-23,Dec 2022,0.56,0.56,0.0,0.0
CAL,14-MAR-23,Jan 2023,0.64,0.65,0.01,1.56
CALM,28-DEC-22,Nov 2022,4.3,4.07,-0.23,-5.35
CALX,25-JAN-23,Dec 2022,0.28,0.34,0.06,21.43
CAR,13-FEB-23,Dec 2022,6.85,10.46,3.61,52.7
CARA,06-MAR-23,Dec 2022,-0.33,-0.56,-0.23,-69.7
CARG,28-FEB-23,Dec 2022,0.09,0.22,0.13,144.44
CARR,07-FEB-23,Dec 2022,0.4,0.4,0.0,0.0
CARS,23-FEB-23,Dec 2022,0.19,0.15,-0.04,-21.05
CASH,25-JAN-23,Dec 2022,0.78,0.81,0.03,3.85
CASS,19-JAN-23,Dec 2022,0.71,0.67,-0.04,-5.63
CASY,07-MAR-23,Jan 2023,1.83,2.36,0.53,28.96
CAT,31-JAN-23,Dec 2022,3.95,3.86,-0.09,-2.28
CATC,24-JAN-23,Dec 2022,2.03,1.92,-0.11,-5.42
CATY,25-JAN-23,Dec 2022,1.4,1.33,-0.07,-5.0
CB,31-JAN-23,Dec 2022,4.22,4.05,-0.17,-4.03
CBAN,26-JAN-23,Dec 2022,0.35,0.31,-0.04,-11.43
CBOE,03-FEB-23,Dec 2022,1.77,1.8,0.03,1.69
CBRE,23-FEB-23,Dec 2022,1.19,1.33,0.14,11.76
CBRL,28-FEB-23,Jan 2023,1.33,1.48,0.15,11.28
CBSH,19-JAN-23,Dec 2022,1.02,1.04,0.02,1.96
CBT,09-FEB-23,Dec 2022,0.96,0.98,0.02,2.08
CBU,24-JAN-23,Dec 2022,0.95,0.96,0.01,1.05
CBZ,16-FEB-23,Dec 2022,-0.21,-0.21,0.0,0.0
CCB,27-JAN-23,Dec 2022,0.81,0.96,0.15,18.52
CCBG,24-JAN-23,Dec 2022,0.77,0.68,-0.09,-11.69
CCI,25-JAN-23,Dec 2022,1.83,0.95,-0.88,-48.09
CCK,07-FEB-23,Dec 2022,1.07,1.17,0.1,9.35
CCL,21-DEC-22,Nov 2022,-0.89,-0.85,0.04,4.49
CCNE,19-JAN-23,Dec 2022,0.74,0.7,-0.04,-5.41
CCO,28-FEB-23,Dec 2022,0.06,0.24,0.18,300.0
CCOI,23-FEB-23,Dec 2022,0.18,0.03,-0.15,-83.33
CCRN,22-FEB-23,Dec 2022,0.9,1.09,0.19,21.11
CCS,01-FEB-23,Dec 2022,2.39,2.71,0.32,13.39
CDAY,08-FEB-23,Dec 2022,0.13,0.23,0.1,76.92
CDE,22-FEB-23,Dec 2022,-0.07,-0.06,0.01,14.29
CDMO,13-MAR-23,Jan 2023,-0.04,0.07,0.11,275.0
CDNA,27-FEB-23,Dec 2022,-0.06,-0.07,-0.01,-16.67
CDNS,13-FEB-23,Dec 2022,0.91,0.96,0.05,5.49
CDW,08-FEB-23,Dec 2022,2.45,2.5,0.05,2.04
CDXS,23-FEB-23,Dec 2022,-0.23,-0.19,0.04,17.39
CE,23-FEB-23,Dec 2022,1.56,1.44,-0.12,-7.69
CEG,16-FEB-23,Dec 2022,0.47,0.1,-0.37,-78.72
CEIX,07-FEB-23,Dec 2022,3.51,3.89,0.38,10.83
CELH,01-MAR-23,Dec 2022,-0.05,0.04,0.09,180.0
CENT,31-JAN-23,Dec 2022,-0.18,-0.16,0.02,11.11
CENTA,31-JAN-23,Dec 2022,-0.18,-0.16,0.02,11.11
CENX,23-FEB-23,Dec 2022,-0.44,-0.31,0.13,29.55
CERE,22-FEB-23,Dec 2022,-0.64,-0.59,0.05,7.81
CERS,28-FEB-23,Dec 2022,-0.04,-0.08,-0.04,-100.0
CERT,01-MAR-23,Dec 2022,0.14,0.16,0.02,14.29
CEVA,15-FEB-23,Dec 2022,0.17,0.23,0.06,35.29
CF,15-FEB-23,Dec 2022,4.13,4.35,0.22,5.33
CFB,23-JAN-23,Dec 2022,0.32,0.36,0.04,12.5
CFFN,25-JAN-23,Dec 2022,0.13,0.12,-0.01,-7.69
CFG,17-JAN-23,Dec 2022,1.3,1.25,-0.05,-3.85
CFLT,30-JAN-23,Dec 2022,-0.09,-0.09,0.0,0.0
CFR,26-JAN-23,Dec 2022,2.75,2.91,0.16,5.82
CG,07-FEB-23,Dec 2022,0.96,1.01,0.05,5.21
CGNX,16-FEB-23,Dec 2022,0.31,0.27,-0.04,-12.9
CHCO,24-JAN-23,Dec 2022,1.86,2.05,0.19,10.22
CHCT,14-FEB-23,Dec 2022,0.6,0.19,-0.41,-68.33
CHD,03-FEB-23,Dec 2022,0.6,0.62,0.02,3.33
CHDN,22-FEB-23,Dec 2022,1.66,1.46,-0.2,-12.05
CHE,23-FEB-23,Dec 2022,5.3,5.39,0.09,1.7
CHEF,15-FEB-23,Dec 2022,0.46,0.48,0.02,4.35
CHGG,06-FEB-23,Dec 2022,0.39,0.4,0.01,2.56
CHH,15-FEB-23,Dec 2022,1.08,1.26,0.18,16.67
CHK,21-FEB-23,Dec 2022,2.96,4.22,1.26,42.57
CHPT,02-MAR-23,Jan 2023,-0.16,-0.13,0.03,18.75
CHRS,06-MAR-23,Dec 2022,-0.64,-0.6,0.04,6.25
CHRW,01-FEB-23,Dec 2022,1.35,1.03,-0.32,-23.7
CHTR,27-JAN-23,Dec 2022,8.03,7.69,-0.34,-4.23
CHUY,16-FEB-23,Dec 2022,0.2,0.27,0.07,35.0
CHX,01-FEB-23,Dec 2022,0.39,0.43,0.04,10.26
CI,03-FEB-23,Dec 2022,4.84,4.96,0.12,2.48
CIEN,06-MAR-23,Jan 2023,0.36,0.64,0.28,77.78
CIM,15-FEB-23,Dec 2022,0.24,0.11,-0.13,-54.17
CINF,06-FEB-23,Dec 2022,1.28,1.27,-0.01,-0.78
CIO,23-FEB-23,Dec 2022,0.37,-0.36,-0.73,-197.3
CIR,15-MAR-23,Dec 2022,0.4,0.77,0.37,92.5
CIVB,07-FEB-23,Dec 2022,0.74,0.77,0.03,4.05
CIVI,22-FEB-23,Dec 2022,2.51,2.49,-0.02,-0.8
CL,27-JAN-23,Dec 2022,0.77,0.77,0.0,0.0
CLBK,25-JAN-23,Dec 2022,0.21,0.21,0.0,0.0
CLDT,23-FEB-23,Dec 2022,0.18,-0.08,-0.26,-144.44
CLDX,28-FEB-23,Dec 2022,-0.59,-0.56,0.03,5.08
CLF,13-FEB-23,Dec 2022,-0.33,-0.3,0.03,9.09
CLFD,02-FEB-23,Dec 2022,0.97,1.0,0.03,3.09
CLH,01-MAR-23,Dec 2022,1.29,1.44,0.15,11.63
CLNE,28-FEB-23,Dec 2022,0.02,0.01,-0.01,-50.0
CLVT,01-MAR-23,Dec 2022,0.17,0.22,0.05,29.41
CLW,14-FEB-23,Dec 2022,-0.09,-0.3,-0.21,-233.33
CLX,02-FEB-23,Dec 2022,0.65,0.98,0.33,50.77
CMA,19-JAN-23,Dec 2022,2.56,2.58,0.02,0.78
CMBM,16-FEB-23,Dec 2022,0.25,0.36,0.11,44.0
CMC,09-JAN-23,Nov 2022,1.99,2.24,0.25,12.56
CMCO,01-FEB-23,Dec 2022,0.6,0.72,0.12,20.0
CMCSA,26-JAN-23,Dec 2022,0.78,0.82,0.04,5.13
CME,08-FEB-23,Dec 2022,1.9,1.92,0.02,1.05
CMG,07-FEB-23,Dec 2022,8.88,8.29,-0.59,-6.64
CMI,06-FEB-23,Dec 2022,4.66,4.52,-0.14,-3.0
CMPR,25-JAN-23,Dec 2022,1.32,-0.46,-1.78,-134.85
CMRE,08-FEB-23,Dec 2022,0.7,0.61,-0.09,-12.86
CMS,02-FEB-23,Dec 2022,0.6,0.6,0.0,0.0
CNA,06-FEB-23,Dec 2022,0.83,1.01,0.18,21.69
CNC,07-FEB-23,Dec 2022,0.87,0.86,-0.01,-1.15
CNK,24-FEB-23,Dec 2022,-0.34,-0.82,-0.48,-141.18
CNMD,02-FEB-23,Dec 2022,0.93,0.42,-0.51,-54.84
CNNE,22-FEB-23,Dec 2022,-0.3,0.35,0.65,216.67
CNO,07-FEB-23,Dec 2022,0.56,0.56,0.0,0.0
CNOB,26-JAN-23,Dec 2022,0.83,0.79,-0.04,-4.82
CNP,17-FEB-23,Dec 2022,0.29,0.28,-0.01,-3.45
CNX,26-JAN-23,Dec 2022,0.57,1.64,1.07,187.72
CNXC,19-JAN-23,Nov 2022,3.33,2.88,-0.45,-13.51
CNXN,09-FEB-23,Dec 2022,0.75,0.71,-0.04,-5.33
COCO,08-MAR-23,Dec 2022,0.04,0.04,0.0,0.0
CODI,01-MAR-23,Dec 2022,0.42,0.31,-0.11,-26.19
COF,24-JAN-23,Dec 2022,3.81,2.82,-0.99,-25.98
COGT,14-MAR-23,Dec 2022,-0.5,-0.56,-0.06,-12.0
COHR,08-FEB-23,Dec 2022,0.93,0.95,0.02,2.15
COHU,16-FEB-23,Dec 2022,0.6,0.7,0.1,16.67
COIN,21-FEB-23,Dec 2022,-2.39,-2.46,-0.07,-2.93
COLB,24-JAN-23,Dec 2022,0.92,0.93,0.01,1.09
COLD,16-FEB-23,Dec 2022,0.29,0.01,-0.28,-96.55
COLL,23-FEB-23,Dec 2022,1.03,1.09,0.06,5.83
COLM,02-FEB-23,Dec 2022,2.31,2.45,0.14,6.06
COMM,23-FEB-23,Dec 2022,0.47,0.49,0.02,4.26
COO,02-MAR-23,Jan 2023,2.66,2.9,0.24,9.02
COOP,10-FEB-23,Dec 2022,0.77,0.86,0.09,11.69
COP,02-FEB-23,Dec 2022,2.72,2.71,-0.01,-0.37
CORT,28-FEB-23,Dec 2022,0.23,0.14,-0.09,-39.13
COST,08-DEC-22,Nov 2022,3.14,3.1,-0.04,-1.27
COTY,08-FEB-23,Dec 2022,0.15,0.22,0.07,46.67
COUR,09-FEB-23,Dec 2022,-0.12,-0.04,0.08,66.67
CPA,15-FEB-23,Dec 2022,4.09,4.49,0.4,9.78
CPB,08-MAR-23,Jan 2023,0.73,0.8,0.07,9.59
CPE,22-FEB-23,Dec 2022,3.44,3.36,-0.08,-2.33
CPF,25-JAN-23,Dec 2022,0.61,0.74,0.13,21.31
CPK,22-FEB-23,Dec 2022,1.36,1.47,0.11,8.09
CPRI,08-FEB-23,Dec 2022,2.21,1.84,-0.37,-16.74
CPRT,20-FEB-23,Jan 2023,0.56,0.61,0.05,8.93
CPRX,15-MAR-23,Dec 2022,0.21,0.22,0.01,4.76
CPSI,14-FEB-23,Dec 2022,0.59,0.61,0.02,3.39
CPT,02-FEB-23,Dec 2022,1.76,0.42,-1.34,-76.14
CRAI,02-MAR-23,Dec 2022,1.4,1.19,-0.21,-15.0
CRC,24-FEB-23,Dec 2022,1.77,1.24,-0.53,-29.94
CRI,24-FEB-23,Dec 2022,1.74,2.29,0.55,31.61
CRK,14-FEB-23,Dec 2022,0.84,1.05,0.21,25.0
CRL,22-FEB-23,Dec 2022,2.75,2.98,0.23,8.36
CRM,01-MAR-23,Jan 2023,1.35,1.68,0.33,24.44
CRMT,22-FEB-23,Jan 2023,0.49,0.23,-0.26,-53.06
CRNC,08-FEB-23,Dec 2022,0.09,0.36,0.27,300.0
CRNX,28-FEB-23,Dec 2022,-0.82,-0.84,-0.02,-2.44
CROX,16-FEB-23,Dec 2022,2.18,2.65,0.47,21.56
CRS,26-JAN-23,Dec 2022,0.12,0.13,0.01,8.33
CRSR,09-FEB-23,Dec 2022,0.17,0.2,0.03,17.65
CRUS,02-FEB-23,Dec 2022,1.99,2.4,0.41,20.6
CRWD,07-MAR-23,Jan 2023,0.43,0.47,0.04,9.3
CSCO,15-FEB-23,Jan 2023,0.86,0.88,0.02,2.33
CSGP,21-FEB-23,Dec 2022,0.34,0.38,0.04,11.76
CSGS,01-FEB-23,Dec 2022,0.92,0.84,-0.08,-8.7
CSII,08-FEB-23,Dec 2022,-0.15,-0.2,-0.05,-33.33
CSL,07-FEB-23,Dec 2022,3.86,3.92,0.06,1.55
CSR,21-FEB-23,Dec 2022,1.16,-0.24,-1.4,-120.69
CSTL,28-FEB-23,Dec 2022,-0.91,-0.78,0.13,14.29
CSTM,22-FEB-23,Dec 2022,0.21,0.2,-0.01,-4.76
CSTR,19-JAN-23,Dec 2022,0.49,0.47,-0.02,-4.08
CSV,22-FEB-23,Dec 2022,0.54,0.64,0.1,18.52
CSX,25-JAN-23,Dec 2022,0.47,0.49,0.02,4.26
CTAS,21-DEC-22,Nov 2022,3.03,3.12,0.09,2.97
CTBI,18-JAN-23,Dec 2022,1.23,1.26,0.03,2.44
CTIC,06-MAR-23,Dec 2022,-0.09,-0.14,-0.05,-55.56
CTLT,07-FEB-23,Dec 2022,0.72,0.67,-0.05,-6.94
CTO,23-FEB-23,Dec 2022,0.47,-0.21,-0.68,-144.68
CTRA,22-FEB-23,Dec 2022,1.13,1.16,0.03,2.65
CTRE,09-FEB-23,Dec 2022,0.38,0.15,-0.23,-60.53
CTS,07-FEB-23,Dec 2022,0.56,0.56,0.0,0.0
CTSH,02-FEB-23,Dec 2022,1.01,1.01,0.0,0.0
CTVA,01-FEB-23,Dec 2022,0.06,0.16,0.1,166.67
CUBE,23-FEB-23,Dec 2022,0.66,0.36,-0.3,-45.45
CUBI,25-JAN-23,Dec 2022,1.66,1.19,-0.47,-28.31
CUTR,28-FEB-23,Dec 2022,-0.29,-0.11,0.18,62.07
CUZ,09-FEB-23,Dec 2022,0.65,0.16,-0.49,-75.38
CVBF,25-JAN-23,Dec 2022,0.47,0.47,0.0,0.0
CVCO,02-FEB-23,Dec 2022,5.85,6.66,0.81,13.85
CVGW,06-MAR-23,Jan 2023,0.24,-0.08,-0.32,-133.33
CVI,21-FEB-23,Dec 2022,1.4,1.68,0.28,20.0
CVLG,25-JAN-23,Dec 2022,1.51,1.37,-0.14,-9.27
CVLT,31-JAN-23,Dec 2022,0.68,0.62,-0.06,-8.82
CVNA,23-FEB-23,Dec 2022,-2.3,-0.97,1.33,57.83
CVS,08-FEB-23,Dec 2022,1.92,1.99,0.07,3.65
CVT,14-MAR-23,Dec 2022,0.07,-0.02,-0.09,-128.57
CVX,27-JAN-23,Dec 2022,4.16,4.09,-0.07,-1.68
CW,21-FEB-23,Dec 2022,3.02,2.92,-0.1,-3.31
CWEN,23-FEB-23,Dec 2022,-0.88,0.1,0.98,111.36
CWH,21-FEB-23,Dec 2022,-0.01,-0.2,-0.19,-1900.0
CWK,23-FEB-23,Dec 2022,0.46,0.46,0.0,0.0
CWST,16-FEB-23,Dec 2022,0.24,0.18,-0.06,-25.0
CWT,01-MAR-23,Dec 2022,0.22,0.35,0.13,59.09
CXW,08-FEB-23,Dec 2022,0.33,0.22,-0.11,-33.33
CYH,15-FEB-23,Dec 2022,0.41,1.5,1.09,265.85
CYRX,23-FEB-23,Dec 2022,-0.21,-0.24,-0.03,-14.29
CYTK,01-MAR-23,Dec 2022,-1.22,-1.45,-0.23,-18.85
CZR,21-FEB-23,Dec 2022,-0.18,-0.11,0.07,38.89
D,08-FEB-23,Dec 2022,1.03,1.06,0.03,2.91
DAL,13-JAN-23,Dec 2022,1.29,1.48,0.19,14.73
DAN,21-FEB-23,Dec 2022,0.23,-0.1,-0.33,-143.48
DAR,27-FEB-23,Dec 2022,1.28,1.08,-0.2,-15.63
DBI,16-MAR-23,Jan 2023,-0.02,0.07,0.09,450.0
DBX,16-FEB-23,Dec 2022,0.39,0.4,0.01,2.56
DCI,01-MAR-23,Jan 2023,0.69,0.75,0.06,8.7
DCO,16-FEB-23,Dec 2022,0.83,0.85,0.02,2.41
DCOM,27-JAN-23,Dec 2022,0.98,0.99,0.01,1.02
DCPH,07-FEB-23,Dec 2022,-0.57,-0.6,-0.03,-5.26
DD,07-FEB-23,Dec 2022,0.79,0.89,0.1,12.66
DDD,28-FEB-23,Dec 2022,-0.08,-0.06,0.02,25.0
DDOG,16-FEB-23,Dec 2022,0.19,0.26,0.07,36.84
DDS,21-FEB-23,Jan 2023,8.85,14.5,5.65,63.84
DE,17-FEB-23,Jan 2023,5.53,6.55,1.02,18.44
DEA,28-FEB-23,Dec 2022,0.3,0.18,-0.12,-40.0
DECK,02-FEB-23,Dec 2022,9.57,10.48,0.91,9.51
DEI,07-FEB-23,Dec 2022,0.52,0.14,-0.38,-73.08
DELL,02-MAR-23,Jan 2023,1.64,1.8,0.16,9.76
DEN,23-FEB-23,Dec 2022,1.61,1.48,-0.13,-8.07
DENN,13-FEB-23,Dec 2022,0.16,0.18,0.02,12.5
DFIN,21-FEB-23,Dec 2022,0.78,0.59,-0.19,-24.36
DFS,18-JAN-23,Dec 2022,3.58,3.77,0.19,5.31
DG,16-MAR-23,Jan 2023,2.94,2.96,0.02,0.68
DGII,02-FEB-23,Dec 2022,0.4,0.48,0.08,20.0
DGX,02-FEB-23,Dec 2022,1.9,1.98,0.08,4.21
DHC,01-MAR-23,Dec 2022,-0.01,-0.27,-0.26,-2600.0
DHI,24-JAN-23,Dec 2022,2.27,2.76,0.49,21.59
DHR,24-JAN-23,Dec 2022,2.46,2.87,0.41,16.67
DHT,08-FEB-23,Dec 2022,0.36,0.38,0.02,5.56
DIN,01-MAR-23,Dec 2022,1.21,1.34,0.13,10.74
DIOD,06-FEB-23,Dec 2022,1.64,1.73,0.09,5.49
DIS,08-FEB-23,Dec 2022,0.69,0.99,0.3,43.48
DISH,23-FEB-23,Dec 2022,0.47,1.47,1.0,212.77
DK,28-FEB-23,Dec 2022,0.82,0.88,0.06,7.32
DKNG,16-FEB-23,Dec 2022,-0.62,-0.53,0.09,14.52
DKS,07-MAR-23,Jan 2023,2.86,2.93,0.07,2.45
DLB,02-FEB-23,Dec 2022,0.79,1.11,0.32,40.51
DLR,16-FEB-23,Dec 2022,1.68,-0.02,-1.7,-101.19
DLTR,01-MAR-23,Jan 2023,2.03,2.04,0.01,0.49
DM,01-MAR-23,Dec 2022,-0.1,-0.09,0.01,10.0
DNB,16-FEB-23,Dec 2022,0.34,0.32,-0.02,-5.88
DNLI,27-FEB-23,Dec 2022,-0.78,-0.75,0.03,3.85
DNOW,16-FEB-23,Dec 2022,0.19,0.25,0.06,31.58
DNUT,15-FEB-23,Dec 2022,0.1,0.11,0.01,10.0
DOC,22-FEB-23,Dec 2022,0.26,0.05,-0.21,-80.77
DOCN,16-FEB-23,Dec 2022,0.19,0.28,0.09,47.37
DOCS,09-FEB-23,Dec 2022,0.17,0.22,0.05,29.41
DOCU,09-MAR-23,Jan 2023,0.53,0.65,0.12,22.64
DOMO,06-MAR-23,Jan 2023,-0.1,-0.02,0.08,80.0
DOOR,22-FEB-23,Dec 2022,1.88,1.72,-0.16,-8.51
DORM,28-FEB-23,Dec 2022,1.01,1.01,0.0,0.0
DOV,31-JAN-23,Dec 2022,2.15,2.16,0.01,0.47
DOW,26-JAN-23,Dec 2022,0.57,0.46,-0.11,-19.3
DOX,31-JAN-23,Dec 2022,1.32,1.45,0.13,9.85
DPZ,23-FEB-23,Dec 2022,3.92,4.43,0.51,13.01
DRH,21-FEB-23,Dec 2022,0.23,0.07,-0.16,-69.57
DRI,16-DEC-22,Nov 2022,1.41,1.52,0.11,7.8
DRQ,27-FEB-23,Dec 2022,-0.04,0.06,0.1,250.0
DRVN,22-FEB-23,Dec 2022,0.25,0.25,0.0,0.0
DSKE,06-FEB-23,Dec 2022,0.02,0.09,0.07,350.0
DT,01-FEB-23,Dec 2022,0.22,0.25,0.03,13.64
DTE,23-FEB-23,Dec 2022,1.22,1.31,0.09,7.38
DUK,09-FEB-23,Dec 2022,1.06,1.11,0.05,4.72
DV,01-MAR-23,Dec 2022,0.11,0.1,-0.01,-9.09
DVA,22-FEB-23,Dec 2022,0.88,1.11,0.23,26.14
DVAX,23-FEB-23,Dec 2022,0.46,0.45,-0.01,-2.17
DVN,14-FEB-23,Dec 2022,1.75,1.66,-0.09,-5.14
DXC,01-FEB-23,Dec 2022,0.84,0.95,0.11,13.1
DXCM,09-FEB-23,Dec 2022,0.26,0.34,0.08,30.77
DY,01-MAR-23,Jan 2023,0.17,0.83,0.66,388.24
DYN,02-MAR-23,Dec 2022,-0.84,-0.74,0.1,11.9
EA,31-JAN-23,Dec 2022,3.05,2.71,-0.34,-11.15
EAT,01-FEB-23,Dec 2022,0.51,0.76,0.25,49.02
EB,28-FEB-23,Dec 2022,-0.15,0.04,0.19,126.67
EBAY,22-FEB-23,Dec 2022,1.06,1.07,0.01,0.94
EBS,27-FEB-23,Dec 2022,0.32,-0.31,-0.63,-196.88
ECL,14-FEB-23,Dec 2022,1.25,1.27,0.02,1.6
ECPG,22-FEB-23,Dec 2022,1.43,-3.11,-4.54,-317.48
ED,16-FEB-23,Dec 2022,0.78,0.81,0.03,3.85
EDIT,22-FEB-23,Dec 2022,-0.84,-0.88,-0.04,-4.76
EE,27-MAR-23,Dec 2022,0.14,0.26,0.12,85.71
EEFT,07-FEB-23,Dec 2022,1.21,1.39,0.18,14.88
EFC,23-FEB-23,Dec 2022,0.43,0.42,-0.01,-2.33
EFSC,23-JAN-23,Dec 2022,1.34,1.58,0.24,17.91
EFX,08-FEB-23,Dec 2022,1.48,1.52,0.04,2.7
EGBN,18-JAN-23,Dec 2022,1.16,1.32,0.16,13.79
EGHT,01-FEB-23,Dec 2022,0.03,0.07,0.04,133.33
EGLE,02-MAR-23,Dec 2022,2.71,2.28,-0.43,-15.87
EGP,07-FEB-23,Dec 2022,1.77,0.89,-0.88,-49.72
EGRX,13-MAR-23,Dec 2022,0.78,1.1,0.32,41.03
EHC,07-FEB-23,Dec 2022,0.85,0.88,0.03,3.53
EIG,16-FEB-23,Dec 2022,0.76,1.25,0.49,64.47
EIX,23-FEB-23,Dec 2022,1.08,1.14,0.06,5.56
EL,02-FEB-23,Dec 2022,1.29,1.54,0.25,19.38
ELAN,21-FEB-23,Dec 2022,0.13,0.19,0.06,46.15
ELF,01-FEB-23,Dec 2022,0.23,0.48,0.25,108.7
ELS,30-JAN-23,Dec 2022,0.6,0.39,-0.21,-35.0
EME,23-FEB-23,Dec 2022,2.28,2.63,0.35,15.35
EMN,26-JAN-23,Dec 2022,1.26,0.89,-0.37,-29.37
EMR,08-FEB-23,Dec 2022,0.88,0.78,-0.1,-11.36
ENPH,07-FEB-23,Dec 2022,1.27,1.51,0.24,18.9
ENR,06-FEB-23,Dec 2022,0.73,0.72,-0.01,-1.37
ENS,08-FEB-23,Dec 2022,1.24,1.27,0.03,2.42
ENSG,02-FEB-23,Dec 2022,1.1,1.1,0.0,0.0
ENTA,07-FEB-23,Dec 2022,-1.52,-1.39,0.13,8.55
ENTG,14-FEB-23,Dec 2022,0.78,0.83,0.05,6.41
ENV,23-FEB-23,Dec 2022,0.43,0.45,0.02,4.65
ENVA,01-FEB-23,Dec 2022,1.65,1.76,0.11,6.67
ENVX,22-FEB-23,Dec 2022,-0.15,-0.19,-0.04,-26.67
EOG,23-FEB-23,Dec 2022,3.31,3.3,-0.01,-0.3
EOLS,08-MAR-23,Dec 2022,-0.14,-0.16,-0.02,-14.29
EPAM,16-FEB-23,Dec 2022,2.68,2.93,0.25,9.33
EPC,08-FEB-23,Dec 2022,0.21,0.31,0.1,47.62
EPR,22-FEB-23,Dec 2022,1.25,0.48,-0.77,-61.6
EPRT,15-FEB-23,Dec 2022,0.39,0.25,-0.14,-35.9
EQBK,25-JAN-23,Dec 2022,0.83,0.77,-0.06,-7.23
EQC,08-FEB-23,Dec 2022,0.13,0.17,0.04,30.77
EQH,08-FEB-23,Dec 2022,1.29,1.11,-0.18,-13.95
EQIX,15-FEB-23,Dec 2022,6.82,1.39,-5.43,-79.62
EQR,09-FEB-23,Dec 2022,0.94,0.42,-0.52,-55.32
EQT,15-FEB-23,Dec 2022,0.43,0.42,-0.01,-2.33
ERII,22-FEB-23,Dec 2022,0.17,0.26,0.09,52.94
ES,13-FEB-23,Dec 2022,0.94,0.92,-0.02,-2.13
ESI,21-FEB-23,Dec 2022,0.28,0.29,0.01,3.57
ESNT,10-FEB-23,Dec 2022,1.59,1.37,-0.22,-13.84
ESPR,21-FEB-23,Dec 2022,-0.87,-0.76,0.11,12.64
ESQ,25-JAN-23,Dec 2022,1.0,1.1,0.1,10.0
ESRT,15-FEB-23,Dec 2022,0.19,0.08,-0.11,-57.89
ESS,07-FEB-23,Dec 2022,3.74,2.86,-0.88,-23.53
ESTC,02-MAR-23,Jan 2023,0.05,0.17,0.12,240.0
ESTE,08-MAR-23,Dec 2022,0.95,1.04,0.09,9.47
ETN,08-FEB-23,Dec 2022,2.04,2.06,0.02,0.98
ETR,16-FEB-23,Dec 2022,0.45,0.51,0.06,13.33
ETRN,21-FEB-23,Dec 2022,0.13,0.13,0.0,0.0
ETSY,22-FEB-23,Dec 2022,0.82,0.77,-0.05,-6.1
EVA,01-MAR-23,Dec 2022,0.66,-0.76,-1.42,-215.15
EVBG,22-FEB-23,Dec 2022,0.31,0.39,0.08,25.81
EVCM,15-MAR-23,Dec 2022,0.09,-0.04,-0.13,-144.44
EVER,27-FEB-23,Dec 2022,-0.27,-0.26,0.01,3.7
EVH,22-FEB-23,Dec 2022,0.06,0.1,0.04,66.67
EVR,01-FEB-23,Dec 2022,2.65,3.5,0.85,32.08
EVRG,24-FEB-23,Dec 2022,0.22,0.3,0.08,36.36
EVRI,01-MAR-23,Dec 2022,0.24,0.28,0.04,16.67
EVTC,22-FEB-23,Dec 2022,0.65,0.65,0.0,0.0
EW,31-JAN-23,Dec 2022,0.61,0.64,0.03,4.92
EWBC,26-JAN-23,Dec 2022,2.22,2.37,0.15,6.76
EWCZ,09-MAR-23,Dec 2022,0.09,1.21,1.12,1244.44
EXAS,21-FEB-23,Dec 2022,-0.9,-0.72,0.18,20.0
EXC,14-FEB-23,Dec 2022,0.43,0.43,0.0,0.0
EXEL,07-FEB-23,Dec 2022,-0.05,-0.03,0.02,40.0
EXLS,23-FEB-23,Dec 2022,1.47,1.56,0.09,6.12
EXP,26-JAN-23,Dec 2022,3.2,3.2,0.0,0.0
EXPD,21-FEB-23,Dec 2022,2.09,1.38,-0.71,-33.97
EXPE,09-FEB-23,Dec 2022,1.85,1.26,-0.59,-31.89
EXPI,28-FEB-23,Dec 2022,-0.03,-0.05,-0.02,-66.67
EXPO,02-FEB-23,Dec 2022,0.4,0.44,0.04,10.0
EXR,22-FEB-23,Dec 2022,2.08,1.52,-0.56,-26.92
EXTR,25-JAN-23,Dec 2022,0.24,0.27,0.03,12.5
EYE,01-MAR-23,Dec 2022,-0.06,-0.08,-0.02,-33.33
EZPW,01-FEB-23,Dec 2022,0.2,0.28,0.08,40.0
F,02-FEB-23,Dec 2022,0.6,0.51,-0.09,-15.0
FAF,09-FEB-23,Dec 2022,1.45,1.35,-0.1,-6.9
FANG,21-FEB-23,Dec 2022,5.2,5.29,0.09,1.73
FAST,19-JAN-23,Dec 2022,0.42,0.43,0.01,2.38
FATE,28-FEB-23,Dec 2022,-0.86,-0.58,0.28,32.56
FBIZ,26-JAN-23,Dec 2022,1.12,1.18,0.06,5.36
FBK,17-JAN-23,Dec 2022,0.81,0.85,0.04,4.94
FBMS,25-JAN-23,Dec 2022,0.83,0.71,-0.12,-14.46
FBNC,24-JAN-23,Dec 2022,1.02,1.08,0.06,5.88
FBP,27-JAN-23,Dec 2022,0.41,0.4,-0.01,-2.44
FC,05-JAN-23,Nov 2022,0.28,0.32,0.04,14.29
FCBC,24-JAN-23,Dec 2022,0.78,0.78,0.0,0.0
FCEL,09-MAR-23,Jan 2023,-0.07,-0.05,0.02,28.57
FCF,24-JAN-23,Dec 2022,0.44,0.39,-0.05,-11.36
FCFS,02-FEB-23,Dec 2022,1.56,1.65,0.09,5.77
FCN,23-FEB-23,Dec 2022,1.33,1.52,0.19,14.29
FCNCA,26-JAN-23,Dec 2022,23.34,20.94,-2.4,-10.28
FCPT,15-FEB-23,Dec 2022,0.41,0.27,-0.14,-34.15
FCX,25-JAN-23,Dec 2022,0.4,0.52,0.12,30.0
FDS,20-DEC-22,Nov 2022,3.6,3.99,0.39,10.83
FDX,20-DEC-22,Nov 2022,2.77,3.18,0.41,14.8
FE,13-FEB-23,Dec 2022,0.53,0.5,-0.03,-5.66
FELE,14-FEB-23,Dec 2022,0.93,0.84,-0.09,-9.68
FFBC,26-JAN-23,Dec 2022,0.68,0.73,0.05,7.35
FFIC,26-JAN-23,Dec 2022,0.53,0.57,0.04,7.55
FFIN,19-JAN-23,Dec 2022,0.41,0.41,0.0,0.0
FFIV,24-JAN-23,Dec 2022,2.34,2.47,0.13,5.56
FFWM,26-JAN-23,Dec 2022,0.31,0.35,0.04,12.9
FGEN,27-FEB-23,Dec 2022,-0.95,-0.7,0.25,26.32
FHB,27-JAN-23,Dec 2022,0.57,0.62,0.05,8.77
FHI,26-JAN-23,Dec 2022,0.75,0.9,0.15,20.0
FHN,18-JAN-23,Dec 2022,0.5,0.51,0.01,2.0
FIBK,26-JAN-23,Dec 2022,1.05,0.86,-0.19,-18.1
FICO,26-JAN-23,Dec 2022,4.1,4.26,0.16,3.9
FIS,13-FEB-23,Dec 2022,1.7,1.71,0.01,0.59
FISI,30-JAN-23,Dec 2022,0.75,0.76,0.01,1.33
FISV,07-FEB-23,Dec 2022,1.91,1.91,0.0,0.0
FITB,19-JAN-23,Dec 2022,0.99,1.04,0.05,5.05
FIVE,15-MAR-23,Jan 2023,3.06,3.07,0.01,0.33
FIVN,22-FEB-23,Dec 2022,0.41,0.54,0.13,31.71
FIX,22-FEB-23,Dec 2022,1.37,1.54,0.17,12.41
FL,20-MAR-23,Jan 2023,0.52,0.97,0.45,86.54
FLGT,28-FEB-23,Dec 2022,-0.56,-0.48,0.08,14.29
FLIC,26-JAN-23,Dec 2022,0.49,0.44,-0.05,-10.2
FLNG,14-FEB-23,Dec 2022,0.64,1.02,0.38,59.38
FLO,09-FEB-23,Dec 2022,0.23,0.23,0.0,0.0
FLR,21-FEB-23,Dec 2022,0.54,0.43,-0.11,-20.37
FLS,21-FEB-23,Dec 2022,0.61,0.63,0.02,3.28
FLT,08-FEB-23,Dec 2022,3.91,4.04,0.13,3.32
FMAO,08-FEB-23,Dec 2022,0.69,0.65,-0.04,-5.8
FMBH,26-JAN-23,Dec 2022,0.95,1.01,0.06,6.32
FMC,07-FEB-23,Dec 2022,2.32,2.37,0.05,2.16
FMNB,25-JAN-23,Dec 2022,0.45,0.42,-0.03,-6.67
FN,06-FEB-23,Dec 2022,1.89,1.9,0.01,0.53
FNB,23-JAN-23,Dec 2022,0.41,0.44,0.03,7.32
FND,23-FEB-23,Dec 2022,0.58,0.64,0.06,10.34
FNF,22-FEB-23,Dec 2022,1.28,1.06,-0.22,-17.19
FNKO,01-MAR-23,Dec 2022,-0.11,-0.35,-0.24,-218.18
FOCS,16-FEB-23,Dec 2022,0.9,0.99,0.09,10.0
FOLD,01-MAR-23,Dec 2022,-0.13,-0.19,-0.06,-46.15
FOR,24-JAN-23,Dec 2022,0.74,0.42,-0.32,-43.24
FORM,08-FEB-23,Dec 2022,0.03,0.05,0.02,66.67
FORR,09-FEB-23,Dec 2022,0.33,0.45,0.12,36.36
FOUR,28-FEB-23,Dec 2022,0.45,0.47,0.02,4.44
FOXA,08-FEB-23,Dec 2022,0.46,0.48,0.02,4.35
FOXF,23-FEB-23,Dec 2022,1.22,1.43,0.21,17.21
FPI,22-FEB-23,Dec 2022,0.19,0.11,-0.08,-42.11
FR,08-FEB-23,Dec 2022,0.57,0.62,0.05,8.77
FRC,13-JAN-23,Dec 2022,1.82,1.88,0.06,3.3
FRG,28-FEB-23,Dec 2022,0.18,0.47,0.29,161.11
FRME,26-JAN-23,Dec 2022,1.17,1.19,0.02,1.71
FRO,28-FEB-23,Dec 2022,1.08,0.97,-0.11,-10.19
FRPT,27-FEB-23,Dec 2022,-0.08,-0.06,0.02,25.0
FRT,08-FEB-23,Dec 2022,1.57,1.4,-0.17,-10.83
FSBC,30-JAN-23,Dec 2022,0.73,0.77,0.04,5.48
FSLR,28-FEB-23,Dec 2022,-0.18,-0.07,0.11,61.11
FSLY,15-FEB-23,Dec 2022,-0.12,-0.08,0.04,33.33
FSP,14-FEB-23,Dec 2022,0.08,-0.03,-0.11,-137.5
FSR,27-FEB-23,Dec 2022,-0.4,-0.54,-0.14,-35.0
FSS,01-MAR-23,Dec 2022,0.56,0.57,0.01,1.79
FTDR,01-MAR-23,Dec 2022,-0.12,0.13,0.25,208.33
FTNT,07-FEB-23,Dec 2022,0.39,0.44,0.05,12.82
FTV,01-FEB-23,Dec 2022,0.84,0.88,0.04,4.76
FUBO,27-FEB-23,Dec 2022,-0.76,-0.48,0.28,36.84
FUL,18-JAN-23,Nov 2022,1.24,1.04,-0.2,-16.13
FULC,09-MAR-23,Dec 2022,-0.49,-0.5,-0.01,-2.04
FULT,17-JAN-23,Dec 2022,0.5,0.48,-0.02,-4.0
FWONK,01-MAR-23,Dec 2022,0.09,1.55,1.46,1622.22
FWRD,08-FEB-23,Dec 2022,1.95,1.65,-0.3,-15.38
G,09-FEB-23,Dec 2022,0.68,0.7,0.02,2.94
GABC,30-JAN-23,Dec 2022,0.85,0.83,-0.02,-2.35
GATX,24-JAN-23,Dec 2022,1.38,1.54,0.16,11.59
GBCI,26-JAN-23,Dec 2022,0.73,0.72,-0.01,-1.37
GBIO,23-FEB-23,Dec 2022,-0.57,-0.55,0.02,3.51
GBX,06-JAN-23,Nov 2022,0.47,0.05,-0.42,-89.36
GCMG,14-FEB-23,Dec 2022,0.14,0.12,-0.02,-14.29
GCO,09-MAR-23,Jan 2023,3.02,3.06,0.04,1.32
GD,25-JAN-23,Dec 2022,3.53,3.58,0.05,1.42
GDDY,14-FEB-23,Dec 2022,0.62,0.62,0.0,0.0
GDEN,01-MAR-23,Dec 2022,0.6,0.35,-0.25,-41.67
GDOT,23-FEB-23,Dec 2022,0.22,0.34,0.12,54.55
GDYN,23-FEB-23,Dec 2022,0.11,0.14,0.03,27.27
GE,24-JAN-23,Dec 2022,1.11,1.24,0.13,11.71
GEF,01-MAR-23,Jan 2023,1.26,1.06,-0.2,-15.87
GEN,02-FEB-23,Dec 2022,0.42,0.45,0.03,7.14
GEO,14-FEB-23,Dec 2022,0.55,0.28,-0.27,-49.09
GERN,16-MAR-23,Dec 2022,-0.11,-0.1,0.01,9.09
GES,14-MAR-23,Jan 2023,1.3,1.74,0.44,33.85
GEVO,09-MAR-23,Dec 2022,-0.06,-0.11,-0.05,-83.33
GFF,31-JAN-23,Dec 2022,1.03,0.86,-0.17,-16.5
GFS,14-FEB-23,Dec 2022,1.34,1.44,0.1,7.46
GGG,30-JAN-23,Dec 2022,0.68,0.73,0.05,7.35
GH,23-FEB-23,Dec 2022,-1.4,-1.36,0.04,2.86
GIII,16-MAR-23,Jan 2023,0.46,0.41,-0.05,-10.87
GILD,02-FEB-23,Dec 2022,1.5,1.67,0.17,11.33
GIS,20-DEC-22,Nov 2022,1.06,1.1,0.04,3.77
GKOS,22-FEB-23,Dec 2022,-0.56,-0.53,0.03,5.36
GL,01-FEB-23,Dec 2022,2.18,2.24,0.06,2.75
GLOB,16-FEB-23,Dec 2022,1.39,1.4,0.01,0.72
GLPI,23-FEB-23,Dec 2022,0.89,0.75,-0.14,-15.73
GLW,31-JAN-23,Dec 2022,0.44,0.47,0.03,6.82
GM,31-JAN-23,Dec 2022,1.68,2.12,0.44,26.19
GME,21-MAR-23,Jan 2023,-0.16,0.16,0.32,200.0
GMED,21-FEB-23,Dec 2022,0.55,0.59,0.04,7.27
GMRE,28-FEB-23,Dec 2022,0.26,0.01,-0.25,-96.15
GMS,02-MAR-23,Jan 2023,1.86,1.85,-0.01,-0.54
GNK,22-FEB-23,Dec 2022,0.59,0.67,0.08,13.56
GNL,23-FEB-23,Dec 2022,0.41,-0.17,-0.58,-141.46
GNRC,15-FEB-23,Dec 2022,1.7,1.78,0.08,4.71
GNTX,27-JAN-23,Dec 2022,0.38,0.37,-0.01,-2.63
GNTY,17-JAN-23,Dec 2022,0.88,1.05,0.17,19.32
GO,28-FEB-23,Dec 2022,0.23,0.25,0.02,8.7
GOGL,16-FEB-23,Dec 2022,0.15,0.29,0.14,93.33
GOGO,28-FEB-23,Dec 2022,0.15,0.21,0.06,40.0
GOOD,22-FEB-23,Dec 2022,0.39,-0.03,-0.42,-107.69
GOOG,02-FEB-23,Dec 2022,1.14,1.05,-0.09,-7.89
GOOGL,02-FEB-23,Dec 2022,1.14,1.05,-0.09,-7.89
GOSS,17-MAR-23,Dec 2022,-0.62,-0.59,0.03,4.84
GPC,23-FEB-23,Dec 2022,1.9,2.05,0.15,7.89
GPI,25-JAN-23,Dec 2022,10.51,10.86,0.35,3.33
GPK,07-FEB-23,Dec 2022,0.58,0.59,0.01,1.72
GPMT,23-FEB-23,Dec 2022,0.18,-0.16,-0.34,-188.89
GPN,10-FEB-23,Dec 2022,2.45,2.42,-0.03,-1.22
GPOR,28-FEB-23,Dec 2022,2.21,3.18,0.97,43.89
GPRE,08-FEB-23,Dec 2022,-0.2,-0.66,-0.46,-230.0
GPRO,02-FEB-23,Dec 2022,0.09,0.12,0.03,33.33
GPS,09-MAR-23,Jan 2023,-0.59,-0.75,-0.16,-27.12
GRBK,27-FEB-23,Dec 2022,1.19,1.18,-0.01,-0.84
GRMN,22-FEB-23,Dec 2022,1.14,1.35,0.21,18.42
GRWG,15-MAR-23,Dec 2022,-0.09,-0.25,-0.16,-177.78
GS,17-JAN-23,Dec 2022,5.25,3.32,-1.93,-36.76
GSBC,23-JAN-23,Dec 2022,1.68,1.84,0.16,9.52
GSHD,22-FEB-23,Dec 2022,0.12,0.11,-0.01,-8.33
GT,08-FEB-23,Dec 2022,0.17,0.07,-0.1,-58.82
GTES,09-FEB-23,Dec 2022,0.23,0.25,0.02,8.7
GTLS,24-FEB-23,Dec 2022,1.64,1.67,0.03,1.83
GTN,24-FEB-23,Dec 2022,1.73,1.88,0.15,8.67
GTY,22-FEB-23,Dec 2022,0.5,0.57,0.07,14.0
GVA,16-FEB-23,Dec 2022,0.39,0.56,0.17,43.59
GWRE,06-MAR-23,Jan 2023,-0.04,-0.21,-0.17,-425.0
GWW,02-FEB-23,Dec 2022,6.97,7.14,0.17,2.44
H,16-FEB-23,Dec 2022,0.32,2.55,2.23,696.88
HA,31-JAN-23,Dec 2022,-0.71,-0.49,0.22,30.99
HAE,07-FEB-23,Dec 2022,0.79,0.85,0.06,7.59
HAFC,24-JAN-23,Dec 2022,0.85,0.93,0.08,9.41
HAIN,07-FEB-23,Dec 2022,0.14,0.2,0.06,42.86
HAL,24-JAN-23,Dec 2022,0.67,0.72,0.05,7.46
HALO,21-FEB-23,Dec 2022,0.47,0.48,0.01,2.13
HAS,16-FEB-23,Dec 2022,1.3,1.31,0.01,0.77
HASI,16-FEB-23,Dec 2022,0.48,0.47,-0.01,-2.08
HAYN,02-FEB-23,Dec 2022,0.66,0.61,-0.05,-7.58
HBAN,20-JAN-23,Dec 2022,0.41,0.43,0.02,4.88
HBCP,24-JAN-23,Dec 2022,1.38,1.32,-0.06,-4.35
HBI,02-FEB-23,Dec 2022,0.08,0.07,-0.01,-12.5
HBNC,25-JAN-23,Dec 2022,0.49,0.48,-0.01,-2.04
HBT,25-JAN-23,Dec 2022,0.57,0.62,0.05,8.77
HCA,27-JAN-23,Dec 2022,4.79,4.64,-0.15,-3.13
HCAT,28-FEB-23,Dec 2022,-0.1,-0.05,0.05,50.0
HCC,15-FEB-23,Dec 2022,2.88,1.9,-0.98,-34.03
HCCI,01-MAR-23,Dec 2022,0.76,0.79,0.03,3.95
HCI,09-MAR-23,Dec 2022,-0.36,0.06,0.42,116.67
HCKT,21-FEB-23,Dec 2022,0.34,0.36,0.02,5.88
HCSG,15-FEB-23,Dec 2022,0.11,0.22,0.11,100.0
HD,21-FEB-23,Jan 2023,3.27,3.3,0.03,0.92
HDSN,08-MAR-23,Dec 2022,0.06,0.11,0.05,83.33
HEES,22-FEB-23,Dec 2022,1.01,1.41,0.4,39.6
HEI,27-FEB-23,Jan 2023,0.66,0.67,0.01,1.52
HELE,05-JAN-23,Nov 2022,2.64,2.75,0.11,4.17
HES,25-JAN-23,Dec 2022,1.69,1.78,0.09,5.33
HFWA,26-JAN-23,Dec 2022,0.64,0.64,0.0,0.0
HGV,01-MAR-23,Dec 2022,0.77,1.01,0.24,31.17
HHC,27-FEB-23,Dec 2022,0.97,1.07,0.1,10.31
HI,08-FEB-23,Dec 2022,0.91,0.7,-0.21,-23.08
HIBB,03-MAR-23,Jan 2023,2.96,2.91,-0.05,-1.69
HIG,02-FEB-23,Dec 2022,1.86,2.31,0.45,24.19
HII,09-FEB-23,Dec 2022,3.14,3.07,-0.07,-2.23
HIW,07-FEB-23,Dec 2022,0.96,0.26,-0.7,-72.92
HLF,14-FEB-23,Dec 2022,0.26,0.53,0.27,103.85
HLI,31-JAN-23,Dec 2022,1.12,1.14,0.02,1.79
HLIO,27-FEB-23,Dec 2022,0.74,0.78,0.04,5.41
HLIT,30-JAN-23,Dec 2022,0.15,0.17,0.02,13.33
HLNE,07-FEB-23,Dec 2022,0.82,0.43,-0.39,-47.56
HLT,09-FEB-23,Dec 2022,1.2,1.59,0.39,32.5
HLTH,15-MAR-23,Dec 2022,-0.54,-0.5,0.04,7.41
HMN,07-FEB-23,Dec 2022,-0.11,-0.06,0.05,45.45
HMST,27-JAN-23,Dec 2022,0.77,0.45,-0.32,-41.56
HOG,02-FEB-23,Dec 2022,0.03,0.28,0.25,833.33
HOLX,01-FEB-23,Dec 2022,0.9,1.07,0.17,18.89
HOMB,19-JAN-23,Dec 2022,0.54,0.53,-0.01,-1.85
HON,02-FEB-23,Dec 2022,2.49,2.52,0.03,1.2
HONE,26-JAN-23,Dec 2022,0.29,0.21,-0.08,-27.59
HOPE,23-JAN-23,Dec 2022,0.45,0.43,-0.02,-4.44
HP,30-JAN-23,Dec 2022,0.81,1.11,0.3,37.04
HPE,02-MAR-23,Jan 2023,0.52,0.63,0.11,21.15
HPP,08-FEB-23,Dec 2022,0.5,-0.09,-0.59,-118.0
HPQ,28-FEB-23,Jan 2023,0.74,0.75,0.01,1.35
HQY,21-MAR-23,Jan 2023,0.34,0.37,0.03,8.82
HR,01-MAR-23,Dec 2022,0.4,-0.09,-0.49,-122.5
HRB,07-FEB-23,Dec 2022,-1.48,-1.37,0.11,7.43
HRI,14-FEB-23,Dec 2022,3.5,3.44,-0.06,-1.71
HRL,02-MAR-23,Jan 2023,0.45,0.4,-0.05,-11.11
HRMY,21-FEB-23,Dec 2022,0.54,1.01,0.47,87.04
HRTX,23-MAR-23,Dec 2022,-0.25,-0.17,0.08,32.0
HSC,27-FEB-23,Dec 2022,-0.04,0.01,0.05,125.0
HSIC,16-FEB-23,Dec 2022,1.21,1.21,0.0,0.0
HSII,27-FEB-23,Dec 2022,0.64,0.78,0.14,21.88
HSKA,28-FEB-23,Dec 2022,0.38,0.55,0.17,44.74
HST,15-FEB-23,Dec 2022,0.43,0.2,-0.23,-53.49
HSTM,20-FEB-23,Dec 2022,0.06,0.08,0.02,33.33
HSY,02-FEB-23,Dec 2022,1.78,2.02,0.24,13.48
HT,15-FEB-23,Dec 2022,0.36,0.62,0.26,72.22
HTBI,24-JAN-23,Dec 2022,0.74,0.9,0.16,21.62
HTBK,26-JAN-23,Dec 2022,0.33,0.34,0.01,3.03
HTH,26-JAN-23,Dec 2022,0.26,0.39,0.13,50.0
HTLD,03-FEB-23,Dec 2022,0.29,0.2,-0.09,-31.03
HTLF,30-JAN-23,Dec 2022,1.33,1.37,0.04,3.01
HTZ,07-FEB-23,Dec 2022,0.46,0.5,0.04,8.7
HUBB,31-JAN-23,Dec 2022,2.41,2.6,0.19,7.88
HUBG,02-FEB-23,Dec 2022,2.36,2.42,0.06,2.54
HUBS,16-FEB-23,Dec 2022,0.83,1.11,0.28,33.73
HUM,01-FEB-23,Dec 2022,1.46,1.62,0.16,10.96
HUN,21-FEB-23,Dec 2022,0.11,0.04,-0.07,-63.64
HURN,28-FEB-23,Dec 2022,0.98,1.12,0.14,14.29
HVT,21-FEB-23,Dec 2022,1.42,1.39,-0.03,-2.11
HWC,17-JAN-23,Dec 2022,1.63,1.65,0.02,1.23
HWKN,01-FEB-23,Dec 2022,0.49,0.51,0.02,4.08
HWM,14-FEB-23,Dec 2022,0.38,0.38,0.0,0.0
HXL,25-JAN-23,Dec 2022,0.31,0.4,0.09,29.03
HZNP,01-MAR-23,Dec 2022,1.09,1.21,0.12,11.01
HZO,26-JAN-23,Dec 2022,1.51,1.24,-0.27,-17.88
IAC,13-FEB-23,Dec 2022,-0.37,-0.05,0.32,86.49
IART,22-FEB-23,Dec 2022,0.93,0.94,0.01,1.08
IBCP,26-JAN-23,Dec 2022,0.72,0.71,-0.01,-1.39
IBKR,17-JAN-23,Dec 2022,1.16,1.3,0.14,12.07
IBM,25-JAN-23,Dec 2022,3.61,3.6,-0.01,-0.28
IBP,22-FEB-23,Dec 2022,2.27,2.43,0.16,7.05
IBTX,23-JAN-23,Dec 2022,1.28,1.2,-0.08,-6.25
ICE,02-FEB-23,Dec 2022,1.26,1.25,-0.01,-0.79
ICFI,28-FEB-23,Dec 2022,1.49,1.56,0.07,4.7
ICHR,07-FEB-23,Dec 2022,0.71,0.72,0.01,1.41
ICPT,02-MAR-23,Dec 2022,-0.53,-0.42,0.11,20.75
ICUI,27-FEB-23,Dec 2022,1.5,1.6,0.1,6.67
IDA,16-FEB-23,Dec 2022,0.8,0.83,0.03,3.75
IDCC,15-FEB-23,Dec 2022,0.92,1.08,0.16,17.39
IDXX,06-FEB-23,Dec 2022,1.92,2.05,0.13,6.77
IDYA,07-MAR-23,Dec 2022,-0.57,-0.5,0.07,12.28
IEX,31-JAN-23,Dec 2022,1.98,2.01,0.03,1.52
IFF,08-FEB-23,Dec 2022,0.94,0.97,0.03,3.19
IGMS,30-MAR-23,Dec 2022,-1.53,-1.19,0.34,22.22
IGT,28-FEB-23,Dec 2022,0.33,0.4,0.07,21.21
IHRT,28-FEB-23,Dec 2022,0.45,0.54,0.09,20.0
IIIV,08-FEB-23,Dec 2022,0.37,0.37,0.0,0.0
IIPR,27-FEB-23,Dec 2022,1.95,1.46,-0.49,-25.13
ILMN,07-FEB-23,Dec 2022,0.19,0.14,-0.05,-26.32
ILPT,14-FEB-23,Dec 2022,0.14,-0.48,-0.62,-442.86
IMAX,22-FEB-23,Dec 2022,0.15,0.19,0.04,26.67
IMGN,01-MAR-23,Dec 2022,-0.29,-0.23,0.06,20.69
IMVT,03-FEB-23,Dec 2022,-0.41,-0.49,-0.08,-19.51
IMXI,08-MAR-23,Dec 2022,0.42,0.46,0.04,9.52
INBK,25-JAN-23,Dec 2022,0.73,0.68,-0.05,-6.85
INCY,07-FEB-23,Dec 2022,0.59,0.62,0.03,5.08
INDB,19-JAN-23,Dec 2022,1.66,1.69,0.03,1.81
INFA,08-FEB-23,Dec 2022,0.21,0.24,0.03,14.29
INFN,23-FEB-23,Dec 2022,0.09,0.16,0.07,77.78
INGN,23-FEB-23,Dec 2022,-0.6,-0.57,0.03,5.0
INN,27-FEB-23,Dec 2022,0.2,-0.11,-0.31,-155.0
INO,01-MAR-23,Dec 2022,-0.16,-0.21,-0.05,-31.25
INSE,13-MAR-23,Dec 2022,0.29,0.11,-0.18,-62.07
INSG,01-MAR-23,Dec 2022,-0.1,-0.11,-0.01,-10.0
INSM,23-FEB-23,Dec 2022,-1.0,-1.2,-0.2,-20.0
INSP,07-FEB-23,Dec 2022,-0.54,0.1,0.64,118.52
INST,13-FEB-23,Dec 2022,0.26,0.2,-0.06,-23.08
INSW,28-FEB-23,Dec 2022,3.84,4.21,0.37,9.64
INT,23-FEB-23,Dec 2022,0.48,0.54,0.06,12.5
INTA,06-FEB-23,Dec 2022,-0.03,0.03,0.06,200.0
INTC,26-JAN-23,Dec 2022,0.2,0.1,-0.1,-50.0
INTU,23-FEB-23,Jan 2023,1.43,2.2,0.77,53.85
INVA,28-FEB-23,Dec 2022,0.41,0.25,-0.16,-39.02
INVH,15-FEB-23,Dec 2022,0.42,0.16,-0.26,-61.9
IONS,22-FEB-23,Dec 2022,-1.06,-0.37,0.69,65.09
IOSP,21-FEB-23,Dec 2022,1.37,1.2,-0.17,-12.41
IOVA,28-FEB-23,Dec 2022,-0.64,-0.64,0.0,0.0
IP,31-JAN-23,Dec 2022,0.69,0.87,0.18,26.09
IPAR,28-FEB-23,Dec 2022,0.34,0.71,0.37,108.82
IPG,09-FEB-23,Dec 2022,1.02,1.02,0.0,0.0
IPGP,14-FEB-23,Dec 2022,0.91,-1.91,-2.82,-309.89
IPI,06-MAR-23,Dec 2022,1.16,0.83,-0.33,-28.45
IQV,10-FEB-23,Dec 2022,2.75,2.78,0.03,1.09
IR,21-FEB-23,Dec 2022,0.63,0.72,0.09,14.29
IRBT,13-FEB-23,Dec 2022,0.04,-1.52,-1.56,-3900.0
IRM,23-FEB-23,Dec 2022,0.94,0.43,-0.51,-54.26
IRMD,02-FEB-23,Dec 2022,0.31,0.32,0.01,3.23
IRT,15-FEB-23,Dec 2022,0.29,0.15,-0.14,-48.28
IRTC,23-FEB-23,Dec 2022,-0.63,-0.67,-0.04,-6.35
IRWD,16-FEB-23,Dec 2022,0.28,0.27,-0.01,-3.57
ISEE,01-MAR-23,Dec 2022,-0.37,-0.47,-0.1,-27.03
ISRG,24-JAN-23,Dec 2022,1.26,1.23,-0.03,-2.38
IT,07-FEB-23,Dec 2022,2.57,3.7,1.13,43.97
ITCI,01-MAR-23,Dec 2022,-0.62,-0.45,0.17,27.42
ITGR,16-FEB-23,Dec 2022,1.05,1.11,0.06,5.71
ITRI,27-FEB-23,Dec 2022,0.1,0.71,0.61,610.0
ITT,09-FEB-23,Dec 2022,1.24,1.29,0.05,4.03
ITW,02-FEB-23,Dec 2022,2.6,2.34,-0.26,-10.0
IVR,21-FEB-23,Dec 2022,0.9,1.46,0.56,62.22
IVZ,24-JAN-23,Dec 2022,0.36,0.39,0.03,8.33
J,07-FEB-23,Dec 2022,1.61,1.67,0.06,3.73
JACK,01-MAR-23,Dec 2022,1.76,2.01,0.25,14.2
JAMF,28-FEB-23,Dec 2022,0.04,0.06,0.02,50.0
JAZZ,01-MAR-23,Dec 2022,0.51,-0.07,-0.58,-113.73
JBHT,18-JAN-23,Dec 2022,2.45,1.92,-0.53,-21.63
JBL,15-DEC-22,Nov 2022,2.21,1.61,-0.6,-27.15
JBLU,26-JAN-23,Dec 2022,0.19,0.22,0.03,15.79
JBT,21-FEB-23,Dec 2022,1.44,1.49,0.05,3.47
JCI,01-FEB-23,Dec 2022,0.66,0.67,0.01,1.52
JEF,09-JAN-23,Nov 2022,0.57,0.57,0.0,0.0
JELD,21-FEB-23,Dec 2022,0.25,0.47,0.22,88.0
JHG,02-FEB-23,Dec 2022,0.43,0.61,0.18,41.86
JJSF,30-JAN-23,Dec 2022,0.49,0.42,-0.07,-14.29
JKHY,07-FEB-23,Dec 2022,1.11,1.1,-0.01,-0.9
JLL,28-FEB-23,Dec 2022,4.47,4.36,-0.11,-2.46
JNJ,24-JAN-23,Dec 2022,2.22,2.35,0.13,5.86
JNPR,31-JAN-23,Dec 2022,0.65,0.65,0.0,0.0
JOUT,03-FEB-23,Dec 2022,0.57,0.57,0.0,0.0
JPM,13-JAN-23,Dec 2022,3.11,3.57,0.46,14.79
JRVR,27-FEB-23,Dec 2022,0.5,0.53,0.03,6.0
JWN,02-MAR-23,Jan 2023,0.65,0.74,0.09,13.85
K,09-FEB-23,Dec 2022,0.84,0.94,0.1,11.9
KAI,15-FEB-23,Dec 2022,2.0,2.33,0.33,16.5
KALV,09-MAR-23,Jan 2023,-0.97,-0.75,0.22,22.68
KAMN,23-FEB-23,Dec 2022,0.23,0.42,0.19,82.61
KAR,21-FEB-23,Dec 2022,0.18,0.33,0.15,83.33
KBAL,02-FEB-23,Dec 2022,0.1,0.08,-0.02,-20.0
KBH,11-JAN-23,Nov 2022,2.85,2.47,-0.38,-13.33
KBR,16-FEB-23,Dec 2022,0.58,0.69,0.11,18.97
KDNY,27-FEB-23,Dec 2022,-0.79,-0.9,-0.11,-13.92
KDP,23-FEB-23,Dec 2022,0.51,0.5,-0.01,-1.96
KELYA,16-FEB-23,Dec 2022,0.31,0.18,-0.13,-41.94
KEX,31-JAN-23,Dec 2022,0.64,0.67,0.03,4.69
KEY,19-JAN-23,Dec 2022,0.55,0.38,-0.17,-30.91
KEYS,21-FEB-23,Jan 2023,1.85,2.02,0.17,9.19
KFRC,06-FEB-23,Dec 2022,0.92,0.93,0.01,1.09
KFY,08-MAR-23,Jan 2023,0.9,1.01,0.11,12.22
KHC,15-FEB-23,Dec 2022,0.77,0.85,0.08,10.39
KIDS,28-FEB-23,Dec 2022,-0.22,-0.32,-0.1,-45.45
KIM,09-FEB-23,Dec 2022,0.39,-0.09,-0.48,-123.08
KKR,07-FEB-23,Dec 2022,0.86,0.92,0.06,6.98
KLAC,26-JAN-23,Dec 2022,7.08,7.38,0.3,4.24
KLIC,01-FEB-23,Dec 2022,0.2,0.37,0.17,85.0
KMB,25-JAN-23,Dec 2022,1.51,1.54,0.03,1.99
KMI,18-JAN-23,Dec 2022,0.31,0.31,0.0,0.0
KMPR,02-FEB-23,Dec 2022,-0.5,-0.41,0.09,18.0
KMT,06-FEB-23,Dec 2022,0.22,0.27,0.05,22.73
KMX,22-DEC-22,Nov 2022,0.58,0.24,-0.34,-58.62
KN,09-FEB-23,Dec 2022,0.32,0.33,0.01,3.13
KNSA,28-FEB-23,Dec 2022,-0.24,0.06,0.3,125.0
KNSL,16-FEB-23,Dec 2022,2.16,2.6,0.44,20.37
KNX,26-JAN-23,Dec 2022,1.13,1.0,-0.13,-11.5
KO,14-FEB-23,Dec 2022,0.45,0.45,0.0,0.0
KOD,28-MAR-23,Dec 2022,-1.58,-1.35,0.23,14.56
KOP,27-FEB-23,Dec 2022,0.9,1.09,0.19,21.11
KPTI,15-FEB-23,Dec 2022,-0.34,-0.43,-0.09,-26.47
KR,02-MAR-23,Jan 2023,0.9,0.99,0.09,10.0
KRC,01-FEB-23,Dec 2022,1.15,0.45,-0.7,-60.87
KREF,07-FEB-23,Dec 2022,0.51,0.18,-0.33,-64.71
KRG,13-FEB-23,Dec 2022,0.46,-0.01,-0.47,-102.17
KRNY,26-JAN-23,Dec 2022,0.19,0.17,-0.02,-10.53
KROS,03-MAR-23,Dec 2022,-1.12,-1.09,0.03,2.68
KRTX,23-FEB-23,Dec 2022,-2.23,-2.22,0.01,0.45
KRUS,05-JAN-23,Nov 2022,-0.16,-0.21,-0.05,-31.25
KRYS,27-FEB-23,Dec 2022,-1.39,-1.25,0.14,10.07
KSS,01-MAR-23,Jan 2023,1.03,-2.49,-3.52,-341.75
KTB,28-FEB-23,Dec 2022,0.76,0.88,0.12,15.79
KTOS,23-FEB-23,Dec 2022,0.07,0.08,0.01,14.29
KURA,23-FEB-23,Dec 2022,-0.58,-0.49,0.09,15.52
KW,21-FEB-23,Dec 2022,0.44,0.5,0.06,13.64
KWR,23-FEB-23,Dec 2022,1.22,1.39,0.17,13.93
KZR,14-MAR-23,Dec 2022,-0.24,-0.25,-0.01,-4.17
LAD,15-FEB-23,Dec 2022,10.11,9.05,-1.06,-10.48
LADR,09-FEB-23,Dec 2022,0.27,0.31,0.04,14.81
LAMR,24-FEB-23,Dec 2022,1.88,0.65,-1.23,-65.43
LANC,02-FEB-23,Dec 2022,1.51,1.45,-0.06,-3.97
LAND,21-FEB-23,Dec 2022,0.22,-0.14,-0.36,-163.64
LASR,23-FEB-23,Dec 2022,-0.15,-0.27,-0.12,-80.0
LAW,23-FEB-23,Dec 2022,-0.29,-0.18,0.11,37.93
LAZ,02-FEB-23,Dec 2022,0.72,0.69,-0.03,-4.17
LAZR,28-FEB-23,Dec 2022,-0.22,-0.26,-0.04,-18.18
LBAI,26-JAN-23,Dec 2022,0.51,0.52,0.01,1.96
LBRDK,17-FEB-23,Dec 2022,1.8,1.26,-0.54,-30.0
LBRT,25-JAN-23,Dec 2022,0.71,0.82,0.11,15.49
LC,25-JAN-23,Dec 2022,0.2,0.19,-0.01,-5.0
LCII,14-FEB-23,Dec 2022,-0.67,-0.68,-0.01,-1.49
LDOS,14-FEB-23,Dec 2022,1.61,1.83,0.22,13.66
LEA,02-FEB-23,Dec 2022,2.54,2.81,0.27,10.63
LECO,21-FEB-23,Dec 2022,1.9,1.94,0.04,2.11
LEG,06-FEB-23,Dec 2022,0.48,0.39,-0.09,-18.75
LEN,14-DEC-22,Nov 2022,4.92,5.02,0.1,2.03
LESL,02-FEB-23,Dec 2022,-0.13,-0.14,-0.01,-7.69
LFUS,01-FEB-23,Dec 2022,3.25,3.34,0.09,2.77
LGIH,21-FEB-23,Dec 2022,1.36,1.45,0.09,6.62
LGND,22-FEB-23,Dec 2022,1.23,1.36,0.13,10.57
LH,16-FEB-23,Dec 2022,4.06,4.14,0.08,1.97
LHX,26-JAN-23,Dec 2022,3.21,3.27,0.06,1.87
LII,31-JAN-23,Dec 2022,2.55,2.63,0.08,3.14
LIN,07-FEB-23,Dec 2022,2.91,3.16,0.25,8.59
LIND,28-FEB-23,Dec 2022,-0.46,-0.63,-0.17,-36.96
LITE,09-FEB-23,Dec 2022,1.33,1.52,0.19,14.29
LIVN,22-FEB-23,Dec 2022,0.72,0.81,0.09,12.5
LKFN,25-JAN-23,Dec 2022,1.12,1.01,-0.11,-9.82
LKQ,23-FEB-23,Dec 2022,0.84,0.78,-0.06,-7.14
LLY,02-FEB-23,Dec 2022,1.83,2.09,0.26,14.21
LMAT,23-FEB-23,Dec 2022,0.26,0.25,-0.01,-3.85
LMND,22-FEB-23,Dec 2022,-1.17,-0.93,0.24,20.51
LMT,24-JAN-23,Dec 2022,7.41,7.79,0.38,5.13
LNC,08-FEB-23,Dec 2022,1.89,0.97,-0.92,-48.68
LNG,23-FEB-23,Dec 2022,4.89,15.78,10.89,222.7
LNN,05-JAN-23,Nov 2022,1.25,1.65,0.4,32.0
LNT,23-FEB-23,Dec 2022,0.48,0.46,-0.02,-4.17
LNTH,23-FEB-23,Dec 2022,0.96,1.37,0.41,42.71
LOB,25-JAN-23,Dec 2022,0.4,0.04,-0.36,-90.0
LOPE,16-FEB-23,Dec 2022,2.25,2.36,0.11,4.89
LOVE,28-MAR-23,Jan 2023,1.75,1.74,-0.01,-0.57
LOW,01-MAR-23,Jan 2023,2.21,2.28,0.07,3.17
LPG,01-FEB-23,Dec 2022,1.4,1.29,-0.11,-7.86
LPLA,02-FEB-23,Dec 2022,4.0,4.21,0.21,5.25
LPRO,23-FEB-23,Dec 2022,0.11,-0.03,-0.14,-127.27
LPX,21-FEB-23,Dec 2022,0.58,0.61,0.03,5.17
LQDA,16-MAR-23,Dec 2022,-0.17,-0.09,0.08,47.06
LRCX,25-JAN-23,Dec 2022,9.95,10.71,0.76,7.64
LRN,24-JAN-23,Dec 2022,1.07,1.19,0.12,11.21
LSCC,13-FEB-23,Dec 2022,0.48,0.49,0.01,2.08
LSI,23-FEB-23,Dec 2022,1.64,1.1,-0.54,-32.93
LSTR,01-FEB-23,Dec 2022,2.62,2.6,-0.02,-0.76
LSXMA,01-MAR-23,Dec 2022,0.55,0.77,0.22,40.0
LSXMK,01-MAR-23,Dec 2022,0.58,0.77,0.19,32.76
LTC,16-FEB-23,Dec 2022,0.67,0.44,-0.23,-34.33
LTHM,14-FEB-23,Dec 2022,0.36,0.4,0.04,11.11
LULU,28-MAR-23,Jan 2023,4.25,4.4,0.15,3.53
LUMN,07-FEB-23,Dec 2022,0.12,0.43,0.31,258.33
LUNG,22-FEB-23,Dec 2022,-0.41,-0.38,0.03,7.32
LUV,26-JAN-23,Dec 2022,-0.03,-0.38,-0.35,-1166.67
LVS,25-JAN-23,Dec 2022,-0.1,-0.19,-0.09,-90.0
LW,05-JAN-23,Nov 2022,0.74,1.28,0.54,72.97
LXFR,28-FEB-23,Dec 2022,0.31,0.31,0.0,0.0
LXP,16-FEB-23,Dec 2022,0.17,0.13,-0.04,-23.53
LXU,22-FEB-23,Dec 2022,0.74,0.9,0.16,21.62
LYB,03-FEB-23,Dec 2022,1.09,1.29,0.2,18.35
LYFT,09-FEB-23,Dec 2022,0.1,-0.75,-0.85,-850.0
LYV,23-FEB-23,Dec 2022,-0.96,-1.09,-0.13,-13.54
LZ,23-FEB-23,Dec 2022,0.08,0.1,0.02,25.0
LZB,21-FEB-23,Jan 2023,0.66,0.91,0.25,37.88
M,02-MAR-23,Jan 2023,1.57,1.88,0.31,19.75
MA,26-JAN-23,Dec 2022,2.56,2.65,0.09,3.52
MAA,01-FEB-23,Dec 2022,2.28,1.67,-0.61,-26.75
MAC,07-FEB-23,Dec 2022,0.52,0.01,-0.51,-98.08
MAN,31-JAN-23,Dec 2022,2.14,2.08,-0.06,-2.8
MANH,02-FEB-23,Dec 2022,0.49,0.81,0.32,65.31
MAR,14-FEB-23,Dec 2022,1.84,1.96,0.12,6.52
MAS,09-FEB-23,Dec 2022,0.66,0.65,-0.01,-1.52
MASI,28-FEB-23,Dec 2022,1.17,1.32,0.15,12.82
MAT,08-FEB-23,Dec 2022,0.27,0.18,-0.09,-33.33
MATW,26-JAN-23,Dec 2022,0.49,0.53,0.04,8.16
MATX,21-FEB-23,Dec 2022,1.97,2.1,0.13,6.6
MAXR,22-FEB-23,Dec 2022,-0.41,-1.09,-0.68,-165.85
MBIN,30-JAN-23,Dec 2022,1.07,1.12,0.05,4.67
MBUU,07-FEB-23,Dec 2022,1.66,1.83,0.17,10.24
MBWM,17-JAN-23,Dec 2022,1.19,1.37,0.18,15.13
MC,08-FEB-23,Dec 2022,0.37,0.33,-0.04,-10.81
MCB,20-JAN-23,Dec 2022,2.25,2.43,0.18,8.0
MCD,31-JAN-23,Dec 2022,2.46,2.59,0.13,5.28
MCFT,08-FEB-23,Dec 2022,1.02,1.2,0.18,17.65
MCHP,02-FEB-23,Dec 2022,1.55,1.56,0.01,0.65
MCK,01-FEB-23,Dec 2022,6.34,6.9,0.56,8.83
MCO,31-JAN-23,Dec 2022,1.42,1.6,0.18,12.68
MCRB,07-MAR-23,Dec 2022,-0.41,-0.54,-0.13,-31.71
MCRI,14-FEB-23,Dec 2022,1.24,1.14,-0.1,-8.06
MCS,02-MAR-23,Dec 2022,-0.17,-0.09,0.08,47.06
MCW,23-FEB-23,Dec 2022,0.06,0.08,0.02,33.33
MCY,14-FEB-23,Dec 2022,-0.61,-1.45,-0.84,-137.7
MD,17-FEB-23,Dec 2022,0.49,0.47,-0.02,-4.08
MDB,08-MAR-23,Jan 2023,0.07,0.57,0.5,714.29
MDC,31-JAN-23,Dec 2022,1.53,1.08,-0.45,-29.41
MDGL,23-FEB-23,Dec 2022,-4.41,-4.98,-0.57,-12.93
MDLZ,31-JAN-23,Dec 2022,0.71,0.73,0.02,2.82
MDT,21-FEB-23,Jan 2023,1.26,1.3,0.04,3.17
MDU,09-FEB-23,Dec 2022,0.51,0.61,0.1,19.61
MDXG,28-FEB-23,Dec 2022,-0.02,-0.02,0.0,0.0
MED,21-FEB-23,Dec 2022,2.18,3.7,1.52,69.72
MEDP,13-FEB-23,Dec 2022,1.78,2.12,0.34,19.1
MEG,28-FEB-23,Dec 2022,-0.24,-0.5,-0.26,-108.33
MEI,09-MAR-23,Jan 2023,0.68,0.54,-0.14,-20.59
MET,01-FEB-23,Dec 2022,1.74,1.55,-0.19,-10.92
MFA,23-FEB-23,Dec 2022,0.34,0.48,0.14,41.18
MGEE,22-FEB-23,Dec 2022,0.66,0.58,-0.08,-12.12
MGI,24-FEB-23,Dec 2022,0.13,0.23,0.1,76.92
MGM,08-FEB-23,Dec 2022,-1.6,0.69,2.29,143.13
MGNI,22-FEB-23,Dec 2022,0.35,0.24,-0.11,-31.43
MGNX,15-MAR-23,Dec 2022,-0.3,0.21,0.51,170.0
MGPI,23-FEB-23,Dec 2022,0.87,1.01,0.14,16.09
MGRC,22-FEB-23,Dec 2022,1.34,1.62,0.28,20.9
MGY,14-FEB-23,Dec 2022,0.76,0.86,0.1,13.16
MHK,09-FEB-23,Dec 2022,1.29,1.32,0.03,2.33
MHO,01-FEB-23,Dec 2022,4.16,5.15,0.99,23.8
MIDD,21-FEB-23,Dec 2022,2.46,2.57,0.11,4.47
MIRM,08-MAR-23,Dec 2022,-0.98,-0.99,-0.01,-1.02
MKC,26-JAN-23,Nov 2022,0.86,0.73,-0.13,-15.12
MKL,01-FEB-23,Dec 2022,18.47,26.15,7.68,41.58
MKSI,27-FEB-23,Dec 2022,1.31,2.0,0.69,52.67
MKTX,25-JAN-23,Dec 2022,1.53,1.58,0.05,3.27
MLAB,06-FEB-23,Dec 2022,2.1,2.35,0.25,11.9
MLM,15-FEB-23,Dec 2022,3.03,3.04,0.01,0.33
MMC,26-JAN-23,Dec 2022,1.4,1.47,0.07,5.0
MMM,24-JAN-23,Dec 2022,2.34,2.28,-0.06,-2.56
MMS,08-FEB-23,Dec 2022,0.79,0.94,0.15,18.99
MMSI,22-FEB-23,Dec 2022,0.67,0.79,0.12,17.91
MNKD,23-FEB-23,Dec 2022,-0.06,-0.07,-0.01,-16.67
MNRO,25-JAN-23,Dec 2022,0.38,0.43,0.05,13.16
MNST,28-FEB-23,Dec 2022,0.31,0.29,-0.02,-6.45
MNTV,16-FEB-23,Dec 2022,0.1,0.14,0.04,40.0
MO,01-FEB-23,Dec 2022,1.18,1.18,0.0,0.0
MOD,01-FEB-23,Dec 2022,0.43,0.48,0.05,11.63
MODN,07-FEB-23,Dec 2022,0.22,0.23,0.01,4.55
MODV,23-FEB-23,Dec 2022,1.56,2.11,0.55,35.26
MOFG,26-JAN-23,Dec 2022,1.06,1.02,-0.04,-3.77
MOH,08-FEB-23,Dec 2022,4.06,4.1,0.04,0.99
MORF,23-FEB-23,Dec 2022,-0.85,-0.64,0.21,24.71
MOS,22-FEB-23,Dec 2022,2.08,1.74,-0.34,-16.35
MP,23-FEB-23,Dec 2022,0.14,0.42,0.28,200.0
MPB,25-JAN-23,Dec 2022,0.95,0.99,0.04,4.21
MPC,31-JAN-23,Dec 2022,5.54,6.65,1.11,20.04
MPW,23-FEB-23,Dec 2022,0.43,-0.24,-0.67,-155.81
MPWR,08-FEB-23,Dec 2022,3.13,3.17,0.04,1.28
MRC,13-FEB-23,Dec 2022,0.28,0.32,0.04,14.29
MRCY,31-JAN-23,Dec 2022,0.33,0.26,-0.07,-21.21
MRK,02-FEB-23,Dec 2022,1.56,1.62,0.06,3.85
MRNA,23-FEB-23,Dec 2022,4.66,3.61,-1.05,-22.53
MRO,15-FEB-23,Dec 2022,0.8,0.88,0.08,10.0
MRSN,28-FEB-23,Dec 2022,-0.47,-0.44,0.03,6.38
MRTN,24-JAN-23,Dec 2022,0.3,0.31,0.01,3.33
MRTX,28-FEB-23,Dec 2022,-3.74,-3.51,0.23,6.15
MRVL,02-MAR-23,Jan 2023,0.46,0.46,0.0,0.0
MS,17-JAN-23,Dec 2022,1.25,1.31,0.06,4.8
MSA,15-FEB-23,Dec 2022,1.62,1.8,0.18,11.11
MSBI,26-JAN-23,Dec 2022,0.91,0.85,-0.06,-6.59
MSCI,31-JAN-23,Dec 2022,2.71,2.84,0.13,4.8
MSEX,24-FEB-23,Dec 2022,0.49,0.4,-0.09,-18.37
MSFT,24-JAN-23,Dec 2022,2.27,2.32,0.05,2.2
MSGE,09-FEB-23,Dec 2022,1.17,2.25,1.08,92.31
MSGS,07-FEB-23,Dec 2022,1.33,0.84,-0.49,-36.84
MSI,09-FEB-23,Dec 2022,3.43,3.6,0.17,4.96
MSM,05-JAN-23,Nov 2022,1.46,1.48,0.02,1.37
MSTR,02-FEB-23,Dec 2022,0.53,-20.51,-21.04,-3969.81
MTB,19-JAN-23,Dec 2022,4.47,4.57,0.1,2.24
MTCH,31-JAN-23,Dec 2022,0.47,0.3,-0.17,-36.17
MTD,09-FEB-23,Dec 2022,11.63,12.1,0.47,4.04
MTDR,21-FEB-23,Dec 2022,1.95,2.08,0.13,6.67
MTG,01-FEB-23,Dec 2022,0.59,0.64,0.05,8.47
MTH,01-FEB-23,Dec 2022,7.03,7.09,0.06,0.85
MTN,09-MAR-23,Jan 2023,6.19,5.16,-1.03,-16.64
MTRN,16-FEB-23,Dec 2022,1.4,1.49,0.09,6.43
MTSI,02-FEB-23,Dec 2022,0.79,0.81,0.02,2.53
MTTR,22-FEB-23,Dec 2022,-0.1,-0.09,0.01,10.0
MTW,20-FEB-23,Dec 2022,0.23,0.74,0.51,221.74
MTX,02-FEB-23,Dec 2022,1.19,0.67,-0.52,-43.7
MTZ,23-FEB-23,Dec 2022,0.99,1.03,0.04,4.04
MU,21-DEC-22,Nov 2022,-0.02,-0.15,-0.13,-650.0
MUR,26-JAN-23,Dec 2022,1.09,1.1,0.01,0.92
MUSA,01-FEB-23,Dec 2022,6.16,5.21,-0.95,-15.42
MVST,16-MAR-23,Dec 2022,-0.09,-0.05,0.04,44.44
MWA,02-FEB-23,Dec 2022,0.07,0.13,0.06,85.71
MXL,01-FEB-23,Dec 2022,1.06,1.07,0.01,0.94
MYE,01-MAR-23,Dec 2022,0.31,0.32,0.01,3.23
MYGN,28-FEB-23,Dec 2022,-0.16,-0.12,0.04,25.0
MYRG,22-FEB-23,Dec 2022,1.05,1.46,0.41,39.05
NABL,23-FEB-23,Dec 2022,0.08,0.1,0.02,25.0
NAPA,08-MAR-23,Jan 2023,0.17,0.18,0.01,5.88
NARI,27-FEB-23,Dec 2022,-0.17,-0.11,0.06,35.29
NAT,27-FEB-23,Dec 2022,0.22,0.17,-0.05,-22.73
NATI,31-JAN-23,Dec 2022,0.65,0.63,-0.02,-3.08
NAVI,24-JAN-23,Dec 2022,0.82,0.76,-0.06,-7.32
NBHC,24-JAN-23,Dec 2022,0.8,0.91,0.11,13.75
NBIX,06-FEB-23,Dec 2022,1.15,0.88,-0.27,-23.48
NBN,25-JAN-23,Dec 2022,1.27,1.54,0.27,21.26
NBR,07-FEB-23,Dec 2022,-1.06,-3.89,-2.83,-266.98
NBTB,23-JAN-23,Dec 2022,0.93,0.86,-0.07,-7.53
NCLH,28-FEB-23,Dec 2022,-0.89,-1.04,-0.15,-16.85
NCNO,28-MAR-23,Jan 2023,-0.05,0.04,0.09,180.0
NCR,07-FEB-23,Dec 2022,0.82,0.79,-0.03,-3.66
NDAQ,25-JAN-23,Dec 2022,0.65,0.64,-0.01,-1.54
NDSN,20-FEB-23,Jan 2023,1.98,1.95,-0.03,-1.52
NEE,25-JAN-23,Dec 2022,0.5,0.51,0.01,2.0
NEM,23-FEB-23,Dec 2022,0.47,0.44,-0.03,-6.38
NEO,23-FEB-23,Dec 2022,-0.15,-0.06,0.09,60.0
NEOG,05-JAN-23,Nov 2022,-0.08,0.15,0.23,287.5
NET,09-FEB-23,Dec 2022,0.04,0.06,0.02,50.0
NEWR,07-FEB-23,Dec 2022,0.16,0.32,0.16,100.0
NEX,15-FEB-23,Dec 2022,0.46,0.59,0.13,28.26
NFBK,25-JAN-23,Dec 2022,0.36,0.31,-0.05,-13.89
NFE,28-FEB-23,Dec 2022,0.73,0.87,0.14,19.18
NFG,02-FEB-23,Dec 2022,1.65,1.84,0.19,11.52
NFLX,19-JAN-23,Dec 2022,0.47,0.12,-0.35,-74.47
NGM,28-FEB-23,Dec 2022,-0.52,-0.45,0.07,13.46
NGVT,27-FEB-23,Dec 2022,0.9,0.57,-0.33,-36.67
NHI,21-FEB-23,Dec 2022,1.11,0.04,-1.07,-96.4
NI,22-FEB-23,Dec 2022,0.49,0.5,0.01,2.04
NJR,02-FEB-23,Dec 2022,0.79,1.14,0.35,44.3
NKE,20-DEC-22,Nov 2022,0.65,0.85,0.2,30.77
NKLA,23-FEB-23,Dec 2022,-0.46,-0.37,0.09,19.57
NKTR,28-FEB-23,Dec 2022,-0.45,-0.32,0.13,28.89
NKTX,16-MAR-23,Dec 2022,-0.65,-0.67,-0.02,-3.08
NLY,08-FEB-23,Dec 2022,0.86,0.89,0.03,3.49
NMIH,14-FEB-23,Dec 2022,0.86,0.86,0.0,0.0
NMRK,16-FEB-23,Dec 2022,0.33,0.32,-0.01,-3.03
NNN,09-FEB-23,Dec 2022,0.8,0.5,-0.3,-37.5
NNOX,09-MAR-23,Dec 2022,-0.57,-0.86,-0.29,-50.88
NOC,26-JAN-23,Dec 2022,6.6,7.5,0.9,13.64
NOG,23-FEB-23,Dec 2022,1.65,1.43,-0.22,-13.33
NOV,06-FEB-23,Dec 2022,0.23,0.26,0.03,13.04
NOVA,22-FEB-23,Dec 2022,-0.42,-0.4,0.02,4.76
NOVT,01-MAR-23,Dec 2022,0.69,0.75,0.06,8.7
NOW,25-JAN-23,Dec 2022,2.01,2.28,0.27,13.43
NPO,21-FEB-23,Dec 2022,1.25,1.47,0.22,17.6
NRDS,14-FEB-23,Dec 2022,0.09,0.12,0.03,33.33
NRG,16-FEB-23,Dec 2022,1.43,1.64,0.21,14.69
NSA,27-FEB-23,Dec 2022,0.71,0.31,-0.4,-56.34
NSC,25-JAN-23,Dec 2022,3.41,3.42,0.01,0.29
NSIT,09-FEB-23,Dec 2022,2.13,2.53,0.4,18.78
NSP,09-FEB-23,Dec 2022,0.91,1.21,0.3,32.97
NSSC,06-FEB-23,Dec 2022,0.14,0.23,0.09,64.29
NSTG,28-FEB-23,Dec 2022,-0.61,-0.95,-0.34,-55.74
NTAP,22-FEB-23,Jan 2023,1.31,1.37,0.06,4.58
NTB,13-FEB-23,Dec 2022,1.1,1.27,0.17,15.45
NTCT,26-JAN-23,Dec 2022,0.68,1.0,0.32,47.06
NTGR,01-FEB-23,Dec 2022,-0.08,-0.03,0.05,62.5
NTLA,23-FEB-23,Dec 2022,-1.4,-1.4,0.0,0.0
NTRA,28-FEB-23,Dec 2022,-1.4,-1.37,0.03,2.14
NTRS,19-JAN-23,Dec 2022,1.81,1.65,-0.16,-8.84
NTST,23-FEB-23,Dec 2022,0.28,0.05,-0.23,-82.14
NUE,26-JAN-23,Dec 2022,4.18,4.89,0.71,16.99
NUS,15-FEB-23,Dec 2022,0.53,0.89,0.36,67.92
NUVA,22-FEB-23,Dec 2022,0.49,0.43,-0.06,-12.24
NVAX,28-FEB-23,Dec 2022,-0.92,-2.28,-1.36,-147.83
NVCR,23-FEB-23,Dec 2022,-0.32,-0.36,-0.04,-12.5
NVDA,22-FEB-23,Jan 2023,0.81,0.88,0.07,8.64
NVEE,23-FEB-23,Dec 2022,1.58,1.21,-0.37,-23.42
NVR,31-JAN-23,Dec 2022,104.1,133.44,29.34,28.18
NVRO,16-FEB-23,Dec 2022,-0.49,-0.54,-0.05,-10.2
NVST,08-FEB-23,Dec 2022,0.49,0.52,0.03,6.12
NVT,07-FEB-23,Dec 2022,0.59,0.66,0.07,11.86
NVTA,28-FEB-23,Dec 2022,-0.55,-0.34,0.21,38.18
NWBI,23-JAN-23,Dec 2022,0.32,0.3,-0.02,-6.25
NWE,16-FEB-23,Dec 2022,1.19,1.13,-0.06,-5.04
NWL,10-FEB-23,Dec 2022,0.12,0.16,0.04,33.33
NWN,24-FEB-23,Dec 2022,1.25,1.36,0.11,8.8
NWPX,15-MAR-23,Dec 2022,0.75,0.85,0.1,13.33
NWSA,09-FEB-23,Dec 2022,0.25,0.14,-0.11,-44.0
NXGN,24-JAN-23,Dec 2022,0.27,0.26,-0.01,-3.7
NXRT,21-FEB-23,Dec 2022,0.92,0.15,-0.77,-83.7
NXST,28-FEB-23,Dec 2022,7.57,8.04,0.47,6.21
NYCB,31-JAN-23,Dec 2022,0.27,0.25,-0.02,-7.41
NYMT,22-FEB-23,Dec 2022,0.12,-0.16,-0.28,-233.33
NYT,08-FEB-23,Dec 2022,0.44,0.59,0.15,34.09
O,21-FEB-23,Dec 2022,0.98,0.36,-0.62,-63.27
OB,02-MAR-23,Dec 2022,-0.03,-0.14,-0.11,-366.67
OBNK,25-JAN-23,Dec 2022,0.99,0.95,-0.04,-4.04
OC,15-FEB-23,Dec 2022,2.34,2.49,0.15,6.41
OCFC,19-JAN-23,Dec 2022,0.63,0.67,0.04,6.35
OCGN,28-FEB-23,Dec 2022,-0.11,-0.1,0.01,9.09
OCUL,06-MAR-23,Dec 2022,-0.25,-0.24,0.01,4.0
ODFL,01-FEB-23,Dec 2022,2.68,2.92,0.24,8.96
OEC,16-FEB-23,Dec 2022,0.16,0.26,0.1,62.5
OFC,09-FEB-23,Dec 2022,0.59,0.45,-0.14,-23.73
OFG,26-JAN-23,Dec 2022,0.95,0.97,0.02,2.11
OFIX,06-MAR-23,Dec 2022,-0.37,0.19,0.56,151.35
OGS,22-FEB-23,Dec 2022,1.2,1.23,0.03,2.5
OHI,02-FEB-23,Dec 2022,0.73,0.19,-0.54,-73.97
OI,31-JAN-23,Dec 2022,0.32,0.38,0.06,18.75
OII,23-FEB-23,Dec 2022,0.17,0.06,-0.11,-64.71
OIS,16-FEB-23,Dec 2022,0.03,0.05,0.02,66.67
OKE,27-FEB-23,Dec 2022,1.02,1.08,0.06,5.88
OKTA,01-MAR-23,Jan 2023,0.1,0.3,0.2,200.0
OLED,23-FEB-23,Dec 2022,0.93,1.36,0.43,46.24
OLLI,22-MAR-23,Jan 2023,0.8,0.84,0.04,5.0
OLN,26-JAN-23,Dec 2022,1.42,1.43,0.01,0.7
OLO,22-FEB-23,Dec 2022,0.01,0.03,0.02,200.0
OM,13-FEB-23,Dec 2022,-0.76,-0.71,0.05,6.58
OMC,07-FEB-23,Dec 2022,1.94,2.09,0.15,7.73
OMCL,28-FEB-23,Dec 2022,0.09,0.33,0.24,266.67
OMF,07-FEB-23,Dec 2022,1.5,1.56,0.06,4.0
OMI,28-FEB-23,Dec 2022,0.39,0.28,-0.11,-28.21
ON,06-FEB-23,Dec 2022,1.27,1.32,0.05,3.94
ONB,24-JAN-23,Dec 2022,0.57,0.56,-0.01,-1.75
ONEW,02-FEB-23,Dec 2022,1.79,0.61,-1.18,-65.92
ONTF,28-FEB-23,Dec 2022,-0.08,-0.04,0.04,50.0
ONTO,09-FEB-23,Dec 2022,1.34,1.57,0.23,17.16
OOMA,02-MAR-23,Jan 2023,0.14,0.16,0.02,14.29
OPCH,23-FEB-23,Dec 2022,0.22,0.26,0.04,18.18
OPEN,23-FEB-23,Dec 2022,-0.72,-0.74,-0.02,-2.78
OPI,15-FEB-23,Dec 2022,1.1,0.13,-0.97,-88.18
OPK,23-FEB-23,Dec 2022,-0.11,-0.11,0.0,0.0
OPRX,08-MAR-23,Dec 2022,0.24,0.25,0.01,4.17
ORA,22-FEB-23,Dec 2022,0.48,0.73,0.25,52.08
ORGN,23-FEB-23,Dec 2022,-0.08,-0.07,0.01,12.5
ORI,26-JAN-23,Dec 2022,0.49,0.8,0.31,63.27
ORLY,08-FEB-23,Dec 2022,7.71,8.37,0.66,8.56
ORRF,24-JAN-23,Dec 2022,0.85,0.91,0.06,7.06
OSBC,25-JAN-23,Dec 2022,0.52,0.53,0.01,1.92
OSH,28-FEB-23,Dec 2022,-0.62,-0.56,0.06,9.68
OSIS,26-JAN-23,Dec 2022,1.15,1.19,0.04,3.48
OSK,31-JAN-23,Dec 2022,1.73,1.6,-0.13,-7.51
OSPN,28-FEB-23,Dec 2022,-0.1,0.03,0.13,130.0
OSTK,22-FEB-23,Dec 2022,0.03,-0.04,-0.07,-233.33
OSUR,14-FEB-23,Dec 2022,0.01,0.21,0.2,2000.0
OSW,22-FEB-23,Dec 2022,0.12,0.14,0.02,16.67
OTIS,01-FEB-23,Dec 2022,0.73,0.75,0.02,2.74
OTTR,13-FEB-23,Dec 2022,0.83,1.0,0.17,20.48
OUT,22-FEB-23,Dec 2022,0.69,0.34,-0.35,-50.72
OVV,27-FEB-23,Dec 2022,1.75,0.91,-0.84,-48.0
OXM,23-MAR-23,Jan 2023,2.14,2.28,0.14,6.54
OXY,27-FEB-23,Dec 2022,1.83,1.61,-0.22,-12.02
OZK,19-JAN-23,Dec 2022,1.33,1.34,0.01,0.75
PACB,16-FEB-23,Dec 2022,-0.35,-0.35,0.0,0.0
PACW,26-JAN-23,Dec 2022,1.01,0.86,-0.15,-14.85
PAG,08-FEB-23,Dec 2022,4.03,4.21,0.18,4.47
PAHC,08-FEB-23,Dec 2022,0.3,0.34,0.04,13.33
PANW,21-FEB-23,Jan 2023,0.78,1.05,0.27,34.62
PAR,01-MAR-23,Dec 2022,-0.51,-0.26,0.25,49.02
PARR,22-FEB-23,Dec 2022,1.92,2.2,0.28,14.58
PATH,15-MAR-23,Jan 2023,0.07,0.15,0.08,114.29
PATK,09-FEB-23,Dec 2022,1.71,1.82,0.11,6.43
PAYC,07-FEB-23,Dec 2022,1.46,1.73,0.27,18.49
PAYX,22-DEC-22,Nov 2022,0.95,0.99,0.04,4.21
PB,25-JAN-23,Dec 2022,1.5,1.51,0.01,0.67
PBF,16-FEB-23,Dec 2022,4.95,4.41,-0.54,-10.91
PBH,02-FEB-23,Dec 2022,1.01,1.04,0.03,2.97
PCAR,24-JAN-23,Dec 2022,1.49,1.76,0.27,18.12
PCG,23-FEB-23,Dec 2022,0.28,0.26,-0.02,-7.14
PCH,30-JAN-23,Dec 2022,0.19,0.12,-0.07,-36.84
PCOR,16-FEB-23,Dec 2022,-0.14,-0.08,0.06,42.86
PCRX,28-FEB-23,Dec 2022,0.8,0.8,0.0,0.0
PCTY,02-FEB-23,Dec 2022,0.7,1.12,0.42,60.0
PCVX,27-FEB-23,Dec 2022,-0.84,-0.73,0.11,13.1
PD,15-MAR-23,Jan 2023,0.02,0.08,0.06,300.0
PDCE,22-FEB-23,Dec 2022,3.09,3.22,0.13,4.21
PDCO,02-MAR-23,Jan 2023,0.6,0.62,0.02,3.33
PDFS,16-FEB-23,Dec 2022,0.14,0.19,0.05,35.71
PDM,08-FEB-23,Dec 2022,0.5,0.61,0.11,22.0
PEAK,07-FEB-23,Dec 2022,0.43,0.01,-0.42,-97.67
PEB,21-FEB-23,Dec 2022,0.18,-0.34,-0.52,-288.89
PEBO,24-JAN-23,Dec 2022,0.94,0.98,0.04,4.26
PECO,09-FEB-23,Dec 2022,0.54,0.12,-0.42,-77.78
PEG,21-FEB-23,Dec 2022,0.63,0.64,0.01,1.59
PEGA,15-FEB-23,Dec 2022,0.09,0.82,0.73,811.11
PEN,23-FEB-23,Dec 2022,0.14,0.16,0.02,14.29
PENN,02-FEB-23,Dec 2022,0.33,0.13,-0.2,-60.61
PEP,09-FEB-23,Dec 2022,1.64,1.67,0.03,1.83
PETQ,28-FEB-23,Dec 2022,-0.16,-0.1,0.06,37.5
PETS,06-FEB-23,Dec 2022,0.21,0.02,-0.19,-90.48
PFBC,18-JAN-23,Dec 2022,2.57,2.71,0.14,5.45
PFC,24-JAN-23,Dec 2022,0.82,0.71,-0.11,-13.41
PFE,31-JAN-23,Dec 2022,1.03,1.14,0.11,10.68
PFG,30-JAN-23,Dec 2022,1.52,1.7,0.18,11.84
PFGC,08-FEB-23,Dec 2022,0.76,0.83,0.07,9.21
PFS,27-JAN-23,Dec 2022,0.62,0.66,0.04,6.45
PFSI,02-FEB-23,Dec 2022,0.85,0.89,0.04,4.71
PG,19-JAN-23,Dec 2022,1.58,1.59,0.01,0.63
PGC,26-JAN-23,Dec 2022,1.11,1.12,0.01,0.9
PGNY,27-FEB-23,Dec 2022,0.02,0.03,0.01,50.0
PGR,25-JAN-23,Dec 2022,1.49,1.5,0.01,0.67
PGRE,15-FEB-23,Dec 2022,0.25,-0.17,-0.42,-168.0
PGTI,22-FEB-23,Dec 2022,0.28,0.27,-0.01,-3.57
PH,02-FEB-23,Dec 2022,4.45,4.76,0.31,6.97
PHM,31-JAN-23,Dec 2022,2.88,3.63,0.75,26.04
PHR,22-MAR-23,Jan 2023,-0.78,-0.72,0.06,7.69
PI,08-FEB-23,Dec 2022,0.42,0.41,-0.01,-2.38
PII,31-JAN-23,Dec 2022,3.28,3.46,0.18,5.49
PINC,07-FEB-23,Dec 2022,0.67,0.72,0.05,7.46
PINS,06-FEB-23,Dec 2022,0.28,0.29,0.01,3.57
PIPR,03-FEB-23,Dec 2022,2.21,3.33,1.12,50.68
PJT,07-FEB-23,Dec 2022,1.21,1.08,-0.13,-10.74
PK,22-FEB-23,Dec 2022,0.41,0.15,-0.26,-63.41
PKG,25-JAN-23,Dec 2022,2.24,2.35,0.11,4.91
PKI,14-FEB-23,Dec 2022,1.66,1.7,0.04,2.41
PL,29-MAR-23,Jan 2023,-0.16,-0.14,0.02,12.5
PLAB,20-FEB-23,Jan 2023,0.4,0.4,0.0,0.0
PLAY,28-MAR-23,Jan 2023,0.73,0.8,0.07,9.59
PLCE,16-MAR-23,Jan 2023,-4.18,-3.87,0.31,7.42
PLD,18-JAN-23,Dec 2022,1.21,0.63,-0.58,-47.93
PLMR,15-FEB-23,Dec 2022,0.78,0.82,0.04,5.13
PLNT,23-FEB-23,Dec 2022,0.47,0.53,0.06,12.77
PLOW,20-FEB-23,Dec 2022,0.58,0.52,-0.06,-10.34
PLTR,13-FEB-23,Dec 2022,0.03,0.04,0.01,33.33
PLUG,01-MAR-23,Dec 2022,-0.26,-0.38,-0.12,-46.15
PLUS,07-FEB-23,Dec 2022,1.14,1.38,0.24,21.05
PLXS,25-JAN-23,Dec 2022,1.47,1.49,0.02,1.36
PLYM,23-FEB-23,Dec 2022,0.45,-0.11,-0.56,-124.44
PM,09-FEB-23,Dec 2022,1.29,1.39,0.1,7.75
PMT,02-FEB-23,Dec 2022,0.39,-0.07,-0.46,-117.95
PNC,18-JAN-23,Dec 2022,3.95,3.49,-0.46,-11.65
PNFP,17-JAN-23,Dec 2022,2.08,1.76,-0.32,-15.38
PNR,31-JAN-23,Dec 2022,0.79,0.82,0.03,3.8
PNTG,23-FEB-23,Dec 2022,0.18,0.18,0.0,0.0
PNW,27-FEB-23,Dec 2022,-0.18,-0.21,-0.03,-16.67
PODD,23-FEB-23,Dec 2022,0.24,0.55,0.31,129.17
POOL,16-FEB-23,Dec 2022,2.0,1.79,-0.21,-10.5
POR,16-FEB-23,Dec 2022,0.59,0.7,0.11,18.64
POST,02-FEB-23,Dec 2022,0.58,1.08,0.5,86.21
POWI,06-FEB-23,Dec 2022,0.46,0.48,0.02,4.35
PPBI,26-JAN-23,Dec 2022,0.78,0.77,-0.01,-1.28
PPG,19-JAN-23,Dec 2022,1.14,1.22,0.08,7.02
PPL,17-FEB-23,Dec 2022,0.28,0.28,0.0,0.0
PRA,27-FEB-23,Dec 2022,0.05,0.06,0.01,20.0
PRAA,27-FEB-23,Dec 2022,0.27,0.41,0.14,51.85
PRDO,23-FEB-23,Dec 2022,0.28,0.31,0.03,10.71
PRFT,28-FEB-23,Dec 2022,1.14,1.14,0.0,0.0
PRGO,27-FEB-23,Dec 2022,0.7,0.75,0.05,7.14
PRGS,17-JAN-23,Nov 2022,1.09,0.91,-0.18,-16.51
PRI,23-FEB-23,Dec 2022,2.94,3.49,0.55,18.71
PRIM,27-FEB-23,Dec 2022,0.87,0.93,0.06,6.9
PRK,23-JAN-23,Dec 2022,2.51,1.94,-0.57,-22.71
PRLB,10-FEB-23,Dec 2022,0.21,0.26,0.05,23.81
PRM,28-FEB-23,Dec 2022,-0.15,-0.38,-0.23,-153.33
PRMW,23-FEB-23,Dec 2022,0.17,0.16,-0.01,-5.88
PRO,09-FEB-23,Dec 2022,-0.14,0.02,0.16,114.29
PRTA,23-FEB-23,Dec 2022,-0.64,0.12,0.76,118.75
PRTS,07-MAR-23,Dec 2022,-0.13,-0.11,0.02,15.38
PRU,07-FEB-23,Dec 2022,2.57,2.42,-0.15,-5.84
PRVA,28-FEB-23,Dec 2022,-0.03,0.14,0.17,566.67
PSA,21-FEB-23,Dec 2022,3.99,2.06,-1.93,-48.37
PSN,15-FEB-23,Dec 2022,0.53,0.51,-0.02,-3.77
PSTG,01-MAR-23,Jan 2023,0.39,0.53,0.14,35.9
PSTL,01-MAR-23,Dec 2022,0.25,0.06,-0.19,-76.0
PSX,31-JAN-23,Dec 2022,4.34,4.0,-0.34,-7.83
PTC,01-FEB-23,Dec 2022,1.01,0.99,-0.02,-1.98
PTCT,21-FEB-23,Dec 2022,-1.96,-2.35,-0.39,-19.9
PTEN,08-FEB-23,Dec 2022,0.43,0.46,0.03,6.98
PTGX,15-MAR-23,Dec 2022,-0.67,-0.69,-0.02,-2.99
PTON,01-FEB-23,Dec 2022,-0.67,-0.98,-0.31,-46.27
PTVE,06-MAR-23,Dec 2022,0.05,0.18,0.13,260.0
PUBM,28-FEB-23,Dec 2022,0.26,0.33,0.07,26.92
PUMP,21-FEB-23,Dec 2022,0.34,0.31,-0.03,-8.82
PVH,27-MAR-23,Jan 2023,1.64,2.38,0.74,45.12
PWR,23-FEB-23,Dec 2022,1.61,1.68,0.07,4.35
PWSC,22-FEB-23,Dec 2022,0.2,0.27,0.07,35.0
PXD,22-FEB-23,Dec 2022,5.83,5.91,0.08,1.37
PYCR,08-FEB-23,Dec 2022,0.06,0.08,0.02,33.33
PYPL,09-FEB-23,Dec 2022,1.2,1.24,0.04,3.33
PZZA,23-FEB-23,Dec 2022,0.65,0.71,0.06,9.23
QCOM,02-FEB-23,Dec 2022,2.35,2.37,0.02,0.85
QCRH,24-JAN-23,Dec 2022,1.74,1.83,0.09,5.17
QDEL,15-FEB-23,Dec 2022,1.4,1.76,0.36,25.71
QGEN,07-FEB-23,Dec 2022,0.47,0.53,0.06,12.77
QLYS,09-FEB-23,Dec 2022,0.91,1.01,0.1,10.99
QNST,08-FEB-23,Dec 2022,-0.03,-0.02,0.01,33.33
QRTEA,01-MAR-23,Dec 2022,0.14,-0.05,-0.19,-135.71
QRVO,01-FEB-23,Dec 2022,0.64,0.75,0.11,17.19
QTRX,06-MAR-23,Dec 2022,-0.53,-0.5,0.03,5.66
QTWO,21-FEB-23,Dec 2022,0.13,0.06,-0.07,-53.85
R,15-FEB-23,Dec 2022,3.6,3.89,0.29,8.06
RAD,21-DEC-22,Nov 2022,-0.32,-0.14,0.18,56.25
RAMP,07-FEB-23,Dec 2022,0.29,0.28,-0.01,-3.45
RAPT,14-MAR-23,Dec 2022,-0.67,-0.64,0.03,4.48
RARE,16-FEB-23,Dec 2022,-2.03,-2.16,-0.13,-6.4
RBA,21-FEB-23,Dec 2022,0.58,0.68,0.1,17.24
RBB,23-JAN-23,Dec 2022,0.93,0.92,-0.01,-1.08
RBBN,15-FEB-23,Dec 2022,-0.01,0.09,0.1,1000.0
RBC,09-FEB-23,Dec 2022,1.61,1.64,0.03,1.86
RBCAA,27-JAN-23,Dec 2022,0.83,0.94,0.11,13.25
RC,27-FEB-23,Dec 2022,0.41,0.42,0.01,2.44
RCKT,27-FEB-23,Dec 2022,-0.81,-0.92,-0.11,-13.58
RCL,07-FEB-23,Dec 2022,-1.37,-1.12,0.25,18.25
RCM,16-FEB-23,Dec 2022,-0.03,-0.09,-0.06,-200.0
RCUS,28-FEB-23,Dec 2022,-0.99,-0.93,0.06,6.06
RDFN,16-FEB-23,Dec 2022,-1.13,-0.83,0.3,26.55
RDN,08-FEB-23,Dec 2022,0.87,1.05,0.18,20.69
RDNT,28-FEB-23,Dec 2022,0.19,0.11,-0.08,-42.11
RE,08-FEB-23,Dec 2022,9.29,12.21,2.92,31.43
REG,09-FEB-23,Dec 2022,0.98,0.56,-0.42,-42.86
REGN,03-FEB-23,Dec 2022,9.68,12.56,2.88,29.75
RELY,22-FEB-23,Dec 2022,-0.21,-0.11,0.1,47.62
REPL,09-FEB-23,Dec 2022,-0.77,-0.69,0.08,10.39
RES,25-JAN-23,Dec 2022,0.3,0.41,0.11,36.67
REVG,08-MAR-23,Jan 2023,0.01,0.12,0.11,1100.0
REX,23-MAR-23,Jan 2023,0.36,0.47,0.11,30.56
REXR,08-FEB-23,Dec 2022,0.48,0.22,-0.26,-54.17
REYN,08-FEB-23,Dec 2022,0.57,0.53,-0.04,-7.02
REZI,15-FEB-23,Dec 2022,0.37,0.26,-0.11,-29.73
RF,20-JAN-23,Dec 2022,0.65,0.67,0.02,3.08
RGA,02-FEB-23,Dec 2022,3.51,2.99,-0.52,-14.81
RGEN,22-FEB-23,Dec 2022,0.58,0.68,0.1,17.24
RGLD,15-FEB-23,Dec 2022,0.83,0.91,0.08,9.64
RGNX,28-FEB-23,Dec 2022,-1.48,-1.38,0.1,6.76
RGP,04-JAN-23,Nov 2022,0.41,0.52,0.11,26.83
RH,29-MAR-23,Jan 2023,3.35,2.88,-0.47,-14.03
RHI,26-JAN-23,Dec 2022,1.35,1.37,0.02,1.48
RHP,23-FEB-23,Dec 2022,1.68,1.03,-0.65,-38.69
RICK,09-FEB-23,Dec 2022,1.13,1.19,0.06,5.31
RIGL,07-MAR-23,Dec 2022,-0.07,0.01,0.08,114.29
RIOT,02-MAR-23,Dec 2022,-0.14,-0.07,0.07,50.0
RJF,25-JAN-23,Dec 2022,2.21,2.29,0.08,3.62
RKT,28-FEB-23,Dec 2022,-0.1,-0.1,0.0,0.0
RL,09-FEB-23,Dec 2022,2.91,3.35,0.44,15.12
RLI,25-JAN-23,Dec 2022,1.08,1.53,0.45,41.67
RLMD,23-MAR-23,Dec 2022,-1.33,-1.26,0.07,5.26
RM,08-FEB-23,Dec 2022,0.61,0.54,-0.07,-11.48
RMAX,16-FEB-23,Dec 2022,0.41,0.41,0.0,0.0
RMBS,06-FEB-23,Dec 2022,0.47,0.47,0.0,0.0
RMD,26-JAN-23,Dec 2022,1.6,1.66,0.06,3.75
RMR,02-FEB-23,Dec 2022,0.53,0.51,-0.02,-3.77
RNA,28-FEB-23,Dec 2022,-0.84,-0.88,-0.04,-4.76
RNG,15-FEB-23,Dec 2022,0.59,0.6,0.01,1.69
RNR,31-JAN-23,Dec 2022,6.58,7.33,0.75,11.4
RNST,24-JAN-23,Dec 2022,0.88,0.89,0.01,1.14
ROAD,09-FEB-23,Dec 2022,0.06,0.04,-0.02,-33.33
ROCK,22-FEB-23,Dec 2022,0.71,0.72,0.01,1.41
ROG,28-FEB-23,Dec 2022,0.86,1.04,0.18,20.93
ROIC,15-FEB-23,Dec 2022,0.27,0.08,-0.19,-70.37
ROK,26-JAN-23,Dec 2022,1.81,2.46,0.65,35.91
ROKU,15-FEB-23,Dec 2022,-1.73,-1.7,0.03,1.73
ROL,15-FEB-23,Dec 2022,0.16,0.17,0.01,6.25
ROP,27-JAN-23,Dec 2022,3.77,3.92,0.15,3.98
ROST,28-FEB-23,Jan 2023,1.23,1.31,0.08,6.5
RPAY,01-MAR-23,Dec 2022,0.21,0.23,0.02,9.52
RPD,08-FEB-23,Dec 2022,0.18,0.35,0.17,94.44
RPM,05-JAN-23,Nov 2022,1.1,1.1,0.0,0.0
RPRX,15-FEB-23,Dec 2022,1.56,1.56,0.0,0.0
RPT,15-FEB-23,Dec 2022,0.23,0.63,0.4,173.91
RRC,27-FEB-23,Dec 2022,1.12,1.3,0.18,16.07
RRR,07-FEB-23,Dec 2022,0.56,1.0,0.44,78.57
RS,16-FEB-23,Dec 2022,4.47,5.87,1.4,31.32
RSG,15-FEB-23,Dec 2022,1.02,1.13,0.11,10.78
RTX,24-JAN-23,Dec 2022,1.24,1.27,0.03,2.42
RUN,22-FEB-23,Dec 2022,0.03,0.29,0.26,866.67
RUTH,23-FEB-23,Dec 2022,0.32,0.38,0.06,18.75
RVLV,23-FEB-23,Dec 2022,0.1,0.11,0.01,10.0
RVMD,27-FEB-23,Dec 2022,-0.84,-0.63,0.21,25.0
RVNC,28-FEB-23,Dec 2022,-1.04,-1.82,-0.78,-75.0
RWT,09-FEB-23,Dec 2022,0.17,-0.11,-0.28,-164.71
RXDX,28-FEB-23,Dec 2022,-0.91,-0.9,0.01,1.1
RXST,06-MAR-23,Dec 2022,-0.72,-0.56,0.16,22.22
RYAM,27-FEB-23,Dec 2022,0.02,0.04,0.02,100.0
RYI,22-FEB-23,Dec 2022,0.7,-0.65,-1.35,-192.86
RYN,01-FEB-23,Dec 2022,0.1,0.11,0.01,10.0
S,14-MAR-23,Jan 2023,-0.16,-0.13,0.03,18.75
SABR,15-FEB-23,Dec 2022,-0.32,-0.36,-0.04,-12.5
SAGE,16-FEB-23,Dec 2022,-2.37,-2.47,-0.1,-4.22
SAH,15-FEB-23,Dec 2022,2.26,2.61,0.35,15.49
SAIA,03-FEB-23,Dec 2022,2.8,2.65,-0.15,-5.36
SAIC,03-APR-23,Jan 2023,1.63,2.04,0.41,25.15
SAM,15-FEB-23,Dec 2022,0.72,-0.93,-1.65,-229.17
SASR,26-JAN-23,Dec 2022,0.93,0.79,-0.14,-15.05
SATS,22-FEB-23,Dec 2022,0.39,0.59,0.2,51.28
SAVA,28-FEB-23,Dec 2022,-0.58,-0.47,0.11,18.97
SAVE,06-FEB-23,Dec 2022,0.04,0.12,0.08,200.0
SBAC,21-FEB-23,Dec 2022,3.13,0.94,-2.19,-69.97
SBCF,26-JAN-23,Dec 2022,0.16,0.34,0.18,112.5
SBGI,22-FEB-23,Dec 2022,0.28,0.9,0.62,221.43
SBH,02-FEB-23,Dec 2022,0.49,0.52,0.03,6.12
SBOW,01-MAR-23,Dec 2022,2.42,7.65,5.23,216.12
SBRA,21-FEB-23,Dec 2022,0.36,-0.37,-0.73,-202.78
SBSI,27-JAN-23,Dec 2022,0.86,0.88,0.02,2.33
SBUX,02-FEB-23,Dec 2022,0.77,0.75,-0.02,-2.6
SCCO,03-FEB-23,Dec 2022,0.8,1.17,0.37,46.25
SCHN,05-JAN-23,Nov 2022,-0.45,-0.44,0.01,2.22
SCHW,18-JAN-23,Dec 2022,1.1,1.07,-0.03,-2.73
SCI,14-FEB-23,Dec 2022,0.8,0.92,0.12,15.0
SCL,16-FEB-23,Dec 2022,0.54,0.59,0.05,9.26
SCSC,07-FEB-23,Dec 2022,1.04,1.06,0.02,1.92
SCU,28-FEB-23,Dec 2022,0.3,-0.1,-0.4,-133.33
SCVL,22-MAR-23,Jan 2023,0.78,0.79,0.01,1.28
SDGR,28-FEB-23,Dec 2022,-0.5,-0.39,0.11,22.0
SEAS,28-FEB-23,Dec 2022,0.68,0.76,0.08,11.76
SEE,09-FEB-23,Dec 2022,0.98,0.99,0.01,1.02
SEIC,25-JAN-23,Dec 2022,0.79,0.83,0.04,5.06
SEM,23-FEB-23,Dec 2022,0.33,0.22,-0.11,-33.33
SENS,15-MAR-23,Dec 2022,-0.05,-0.01,0.04,80.0
SFBS,23-JAN-23,Dec 2022,1.24,1.24,0.0,0.0
SFIX,07-MAR-23,Jan 2023,-0.33,-0.34,-0.01,-3.03
SFL,15-FEB-23,Dec 2022,0.28,0.27,-0.01,-3.57
SFM,02-MAR-23,Dec 2022,0.37,0.42,0.05,13.51
SFNC,24-JAN-23,Dec 2022,0.63,0.64,0.01,1.59
SFST,24-JAN-23,Dec 2022,1.02,0.68,-0.34,-33.33
SG,23-FEB-23,Dec 2022,-0.4,-0.44,-0.04,-10.0
SGEN,15-FEB-23,Dec 2022,-1.02,-0.8,0.22,21.57
SGH,03-JAN-23,Nov 2022,0.6,0.6,0.0,0.0
SGMO,22-FEB-23,Dec 2022,-0.36,-0.32,0.04,11.11
SGRY,01-MAR-23,Dec 2022,0.21,0.27,0.06,28.57
SHAK,16-FEB-23,Dec 2022,-0.11,-0.06,0.05,45.45
SHBI,26-JAN-23,Dec 2022,0.49,0.46,-0.03,-6.12
SHC,28-FEB-23,Dec 2022,0.22,0.25,0.03,13.64
SHCR,29-MAR-23,Dec 2022,-0.05,-0.07,-0.02,-40.0
SHEN,22-FEB-23,Dec 2022,-0.04,-0.04,0.0,0.0
SHLS,28-FEB-23,Dec 2022,0.09,0.15,0.06,66.67
SHO,22-FEB-23,Dec 2022,0.19,0.07,-0.12,-63.16
SHOO,23-FEB-23,Dec 2022,0.44,0.44,0.0,0.0
SHW,26-JAN-23,Dec 2022,1.84,1.89,0.05,2.72
SHYF,23-FEB-23,Dec 2022,0.45,0.58,0.13,28.89
SIBN,27-FEB-23,Dec 2022,-0.42,-0.32,0.1,23.81
SIG,16-MAR-23,Jan 2023,5.35,5.52,0.17,3.18
SIGI,02-FEB-23,Dec 2022,1.46,1.46,0.0,0.0
SILK,28-FEB-23,Dec 2022,-0.37,-0.34,0.03,8.11
SIRI,02-FEB-23,Dec 2022,0.08,0.09,0.01,12.5
SITC,08-FEB-23,Dec 2022,0.28,0.12,-0.16,-57.14
SITE,15-FEB-23,Dec 2022,0.13,-0.02,-0.15,-115.38
SITM,01-FEB-23,Dec 2022,0.55,0.64,0.09,16.36
SIX,02-MAR-23,Dec 2022,0.23,0.32,0.09,39.13
SJM,28-FEB-23,Jan 2023,2.13,2.21,0.08,3.76
SJW,22-FEB-23,Dec 2022,1.03,1.09,0.06,5.83
SKT,21-FEB-23,Dec 2022,0.45,0.17,-0.28,-62.22
SKX,02-FEB-23,Dec 2022,0.38,0.48,0.1,26.32
SKY,06-FEB-23,Dec 2022,0.97,1.44,0.47,48.45
SLAB,01-FEB-23,Dec 2022,0.97,1.31,0.34,35.05
SLB,20-JAN-23,Dec 2022,0.69,0.71,0.02,2.9
SLG,25-JAN-23,Dec 2022,1.48,-1.01,-2.49,-168.24
SLGN,24-JAN-23,Dec 2022,0.81,0.84,0.03,3.7
SLM,01-FEB-23,Dec 2022,0.46,-0.33,-0.79,-171.74
SLP,04-JAN-23,Nov 2022,0.12,0.06,-0.06,-50.0
SM,22-FEB-23,Dec 2022,1.21,1.29,0.08,6.61
SMAR,14-MAR-23,Jan 2023,-0.01,0.07,0.08,800.0
SMBC,30-JAN-23,Dec 2022,1.33,1.26,-0.07,-5.26
SMBK,23-JAN-23,Dec 2022,0.76,0.76,0.0,0.0
SMCI,31-JAN-23,Dec 2022,3.15,3.26,0.11,3.49
SMG,01-FEB-23,Dec 2022,-1.4,-1.02,0.38,27.14
SMMF,26-JAN-23,Dec 2022,1.19,1.16,-0.03,-2.52
SMP,22-FEB-23,Dec 2022,0.52,0.69,0.17,32.69
SMPL,05-JAN-23,Nov 2022,0.41,0.4,-0.01,-2.44
SMRT,08-MAR-23,Dec 2022,-0.09,-0.09,0.0,0.0
SMTC,29-MAR-23,Jan 2023,0.48,0.47,-0.01,-2.08
SNA,02-FEB-23,Dec 2022,4.09,4.42,0.33,8.07
SNBR,22-FEB-23,Dec 2022,-0.21,-0.24,-0.03,-14.29
SNDR,02-FEB-23,Dec 2022,0.61,0.64,0.03,4.92
SNDX,28-FEB-23,Dec 2022,-0.64,-0.62,0.02,3.13
SNEX,07-FEB-23,Dec 2022,2.13,2.58,0.45,21.13
SNOW,01-MAR-23,Jan 2023,0.03,0.14,0.11,366.67
SNPS,15-FEB-23,Jan 2023,2.5,2.62,0.12,4.8
SNV,18-JAN-23,Dec 2022,1.37,1.35,-0.02,-1.46
SNX,10-JAN-23,Nov 2022,2.92,3.3,0.38,13.01
SO,16-FEB-23,Dec 2022,0.24,0.26,0.02,8.33
SOI,22-FEB-23,Dec 2022,0.19,0.22,0.03,15.79
SON,08-FEB-23,Dec 2022,1.26,1.27,0.01,0.79
SONO,08-FEB-23,Dec 2022,0.33,0.57,0.24,72.73
SP,22-FEB-23,Dec 2022,0.73,0.56,-0.17,-23.29
SPB,10-FEB-23,Dec 2022,-0.14,-0.32,-0.18,-128.57
SPCE,28-FEB-23,Dec 2022,-0.54,-0.55,-0.01,-1.85
SPFI,26-JAN-23,Dec 2022,0.62,0.71,0.09,14.52
SPG,06-FEB-23,Dec 2022,3.14,2.06,-1.08,-34.39
SPGI,09-FEB-23,Dec 2022,2.47,2.54,0.07,2.83
SPLK,01-MAR-23,Jan 2023,1.11,2.04,0.93,83.78
SPNS,21-FEB-23,Dec 2022,0.33,0.32,-0.01,-3.03
SPOT,31-JAN-23,Dec 2022,-1.28,-1.43,-0.15,-11.72
SPR,07-FEB-23,Dec 2022,-0.31,-1.46,-1.15,-370.97
SPSC,09-FEB-23,Dec 2022,0.53,0.63,0.1,18.87
SPT,21-FEB-23,Dec 2022,-0.02,0.03,0.05,250.0
SPTN,23-FEB-23,Dec 2022,0.35,0.28,-0.07,-20.0
SPWR,15-FEB-23,Dec 2022,0.14,0.15,0.01,7.14
SPXC,23-FEB-23,Dec 2022,0.98,1.17,0.19,19.39
SQ,23-FEB-23,Dec 2022,0.28,0.22,-0.06,-21.43
SR,01-FEB-23,Dec 2022,1.15,1.55,0.4,34.78
SRC,28-FEB-23,Dec 2022,0.89,0.48,-0.41,-46.07
SRCE,19-JAN-23,Dec 2022,1.3,1.25,-0.05,-3.85
SRCL,23-FEB-23,Dec 2022,0.6,0.6,0.0,0.0
SRDX,06-FEB-23,Dec 2022,-0.64,-0.5,0.14,21.88
SRE,28-FEB-23,Dec 2022,2.06,2.35,0.29,14.08
SRI,01-MAR-23,Dec 2022,0.17,0.11,-0.06,-35.29
SRPT,28-FEB-23,Dec 2022,-1.28,-1.24,0.04,3.13
SSB,26-JAN-23,Dec 2022,2.06,1.9,-0.16,-7.77
SSD,06-FEB-23,Dec 2022,1.11,1.35,0.24,21.62
SSNC,07-FEB-23,Dec 2022,1.16,1.16,0.0,0.0
SSRM,22-FEB-23,Dec 2022,0.1,0.12,0.02,20.0
SSTI,22-FEB-23,Dec 2022,-0.02,-0.11,-0.09,-450.0
SSTK,09-FEB-23,Dec 2022,0.98,1.05,0.07,7.14
ST,31-JAN-23,Dec 2022,0.88,0.96,0.08,9.09
STAA,21-FEB-23,Dec 2022,0.15,0.14,-0.01,-6.67
STAG,15-FEB-23,Dec 2022,0.56,0.17,-0.39,-69.64
STBA,26-JAN-23,Dec 2022,0.95,1.03,0.08,8.42
STE,08-FEB-23,Dec 2022,2.22,2.02,-0.2,-9.01
STEL,27-JAN-23,Dec 2022,0.6,0.04,-0.56,-93.33
STEM,16-FEB-23,Dec 2022,-0.19,-0.23,-0.04,-21.05
STEP,09-FEB-23,Dec 2022,0.27,0.27,0.0,0.0
STLD,25-JAN-23,Dec 2022,3.6,4.37,0.77,21.39
STNE,14-MAR-23,Dec 2022,0.11,0.14,0.03,27.27
STNG,16-FEB-23,Dec 2022,4.38,4.24,-0.14,-3.2
STOK,06-MAR-23,Dec 2022,-0.72,-0.65,0.07,9.72
STR,08-MAR-23,Dec 2022,0.47,0.58,0.11,23.4
STRA,22-FEB-23,Dec 2022,0.94,0.78,-0.16,-17.02
STRC,16-MAR-23,Dec 2022,-0.18,-0.12,0.06,33.33
STRL,27-FEB-23,Dec 2022,0.68,0.66,-0.02,-2.94
STRO,30-MAR-23,Dec 2022,-0.64,-0.61,0.03,4.69
STT,20-JAN-23,Dec 2022,2.0,2.07,0.07,3.5
STWD,01-MAR-23,Dec 2022,0.5,0.5,0.0,0.0
STZ,05-JAN-23,Nov 2022,2.88,2.83,-0.05,-1.74
SUI,22-FEB-23,Dec 2022,1.27,0.04,-1.23,-96.85
SUM,15-FEB-23,Dec 2022,0.29,0.32,0.03,10.34
SUMO,07-MAR-23,Jan 2023,-0.09,-0.03,0.06,66.67
SUPN,28-FEB-23,Dec 2022,0.73,0.43,-0.3,-41.1
SVC,28-FEB-23,Dec 2022,0.38,-0.19,-0.57,-150.0
SWAV,16-FEB-23,Dec 2022,0.99,3.71,2.72,274.75
SWI,09-FEB-23,Dec 2022,0.21,0.19,-0.02,-9.52
SWK,02-FEB-23,Dec 2022,-0.33,-0.1,0.23,69.7
SWKS,06-FEB-23,Dec 2022,2.59,2.59,0.0,0.0
SWN,23-FEB-23,Dec 2022,0.3,0.26,-0.04,-13.33
SWTX,28-FEB-23,Dec 2022,-1.21,-1.19,0.02,1.65
SWX,28-FEB-23,Dec 2022,1.57,1.16,-0.41,-26.11
SXC,02-FEB-23,Dec 2022,0.06,0.14,0.08,133.33
SXI,02-FEB-23,Dec 2022,1.7,1.74,0.04,2.35
SYBT,25-JAN-23,Dec 2022,0.97,1.0,0.03,3.09
SYF,23-JAN-23,Dec 2022,1.12,1.26,0.14,12.5
SYK,31-JAN-23,Dec 2022,2.84,3.0,0.16,5.63
SYNA,02-FEB-23,Dec 2022,2.36,2.2,-0.16,-6.78
SYNH,16-FEB-23,Dec 2022,1.18,1.23,0.05,4.24
SYY,31-JAN-23,Dec 2022,0.83,0.8,-0.03,-3.61
T,25-JAN-23,Dec 2022,0.59,0.61,0.02,3.39
TA,28-FEB-23,Dec 2022,1.12,2.99,1.87,166.96
TALO,28-FEB-23,Dec 2022,0.62,0.2,-0.42,-67.74
TAP,21-FEB-23,Dec 2022,1.06,1.3,0.24,22.64
TBBK,26-JAN-23,Dec 2022,0.71,0.71,0.0,0.0
TBPH,27-FEB-23,Dec 2022,-0.2,-0.21,-0.01,-5.0
TCBI,18-JAN-23,Dec 2022,0.98,0.87,-0.11,-11.22
TCBK,25-JAN-23,Dec 2022,1.17,1.09,-0.08,-6.84
TCMD,21-FEB-23,Dec 2022,0.14,0.29,0.15,107.14
TDC,13-FEB-23,Dec 2022,0.31,0.35,0.04,12.9
TDG,07-FEB-23,Dec 2022,4.31,4.58,0.27,6.26
TDOC,22-FEB-23,Dec 2022,-0.27,-0.23,0.04,14.81
TDS,16-FEB-23,Dec 2022,-0.39,-0.38,0.01,2.56
TDY,25-JAN-23,Dec 2022,4.52,4.94,0.42,9.29
TEAM,02-FEB-23,Dec 2022,0.31,0.45,0.14,45.16
TECH,02-FEB-23,Dec 2022,0.49,0.47,-0.02,-4.08
TELL,22-FEB-23,Dec 2022,0.06,0.06,0.0,0.0
TENB,07-FEB-23,Dec 2022,0.07,0.12,0.05,71.43
TER,25-JAN-23,Dec 2022,0.74,0.92,0.18,24.32
TEX,09-FEB-23,Dec 2022,1.13,1.34,0.21,18.58
TFC,19-JAN-23,Dec 2022,1.28,1.3,0.02,1.56
TFSL,26-JAN-23,Dec 2022,0.08,0.08,0.0,0.0
TFX,23-FEB-23,Dec 2022,3.44,3.52,0.08,2.33
TGH,14-FEB-23,Dec 2022,1.34,1.38,0.04,2.99
TGI,01-FEB-23,Dec 2022,0.1,0.12,0.02,20.0
TGNA,27-FEB-23,Dec 2022,0.9,0.98,0.08,8.89
TGT,28-FEB-23,Jan 2023,1.39,1.89,0.5,35.97
TGTX,28-FEB-23,Dec 2022,-0.26,-0.39,-0.13,-50.0
TH,10-MAR-23,Dec 2022,0.39,0.31,-0.08,-20.51
THC,09-FEB-23,Dec 2022,1.27,1.96,0.69,54.33
THFF,07-FEB-23,Dec 2022,1.32,1.37,0.05,3.79
THG,01-FEB-23,Dec 2022,-1.05,-1.05,0.0,0.0
THO,07-MAR-23,Jan 2023,1.1,0.5,-0.6,-54.55
THR,02-FEB-23,Dec 2022,0.36,0.52,0.16,44.44
THRM,22-FEB-23,Dec 2022,0.65,0.47,-0.18,-27.69
THRY,23-FEB-23,Dec 2022,0.48,1.51,1.03,214.58
THS,13-FEB-23,Dec 2022,0.91,0.98,0.07,7.69
TIL,31-MAR-23,Dec 2022,-0.45,-0.36,0.09,20.0
TILE,28-FEB-23,Dec 2022,0.24,0.31,0.07,29.17
TITN,16-MAR-23,Jan 2023,1.07,0.81,-0.26,-24.3
TJX,22-FEB-23,Jan 2023,0.89,0.89,0.0,0.0
TKR,06-FEB-23,Dec 2022,1.09,1.22,0.13,11.93
TLS,16-MAR-23,Dec 2022,-0.01,0.05,0.06,600.0
TMDX,22-FEB-23,Dec 2022,-0.28,-0.21,0.07,25.0
TMHC,15-FEB-23,Dec 2022,2.91,2.93,0.02,0.69
TMO,01-FEB-23,Dec 2022,5.19,5.4,0.21,4.05
TMP,27-JAN-23,Dec 2022,1.42,1.36,-0.06,-4.23
TMST,23-FEB-23,Dec 2022,-0.26,-0.1,0.16,61.54
TMUS,01-FEB-23,Dec 2022,1.1,1.18,0.08,7.27
TNDM,22-FEB-23,Dec 2022,-0.02,-0.01,0.01,50.0
TNET,15-FEB-23,Dec 2022,0.35,1.11,0.76,217.14
TNK,23-FEB-23,Dec 2022,3.51,4.33,0.82,23.36
TNL,22-FEB-23,Dec 2022,1.22,1.3,0.08,6.56
TOL,21-FEB-23,Jan 2023,1.37,1.7,0.33,24.09
TPB,24-FEB-23,Dec 2022,0.4,0.69,0.29,72.5
TPH,21-FEB-23,Dec 2022,1.5,1.98,0.48,32.0
TPIC,22-FEB-23,Dec 2022,-0.8,-0.73,0.07,8.75
TPL,22-FEB-23,Dec 2022,15.14,12.94,-2.2,-14.53
TPR,09-FEB-23,Dec 2022,1.26,1.36,0.1,7.94
TPX,09-FEB-23,Dec 2022,0.52,0.54,0.02,3.85
TRC,08-MAR-23,Dec 2022,0.01,0.07,0.06,600.0
TREE,27-FEB-23,Dec 2022,-0.27,0.38,0.65,240.74
TREX,27-FEB-23,Dec 2022,0.22,0.23,0.01,4.55
TRGP,22-FEB-23,Dec 2022,1.29,1.38,0.09,6.98
TRIP,14-FEB-23,Dec 2022,0.05,0.16,0.11,220.0
TRMB,08-FEB-23,Dec 2022,0.61,0.6,-0.01,-1.64
TRMK,24-JAN-23,Dec 2022,0.82,0.68,-0.14,-17.07
TRN,21-FEB-23,Dec 2022,0.43,0.44,0.01,2.33
TRNO,08-FEB-23,Dec 2022,0.52,0.78,0.26,50.0
TRNS,30-JAN-23,Dec 2022,0.21,0.21,0.0,0.0
TROW,26-JAN-23,Dec 2022,1.72,1.74,0.02,1.16
TROX,15-FEB-23,Dec 2022,0.12,-0.17,-0.29,-241.67
TRS,23-FEB-23,Dec 2022,0.66,0.62,-0.04,-6.06
TRST,23-JAN-23,Dec 2022,0.99,1.1,0.11,11.11
TRTN,14-FEB-23,Dec 2022,2.7,2.76,0.06,2.22
TRTX,21-FEB-23,Dec 2022,0.15,0.3,0.15,100.0
TRU,14-FEB-23,Dec 2022,0.83,0.78,-0.05,-6.02
TRUP,15-FEB-23,Dec 2022,-0.3,-0.23,0.07,23.33
TRV,24-JAN-23,Dec 2022,3.4,3.4,0.0,0.0
TSCO,26-JAN-23,Dec 2022,2.34,2.43,0.09,3.85
TSE,08-FEB-23,Dec 2022,-1.61,-1.72,-0.11,-6.83
TSLA,25-JAN-23,Dec 2022,1.09,1.19,0.1,9.17
TSN,06-FEB-23,Dec 2022,1.35,0.85,-0.5,-37.04
TT,02-FEB-23,Dec 2022,1.64,1.82,0.18,10.98
TTC,09-MAR-23,Jan 2023,0.91,0.98,0.07,7.69
TTD,15-FEB-23,Dec 2022,0.37,0.38,0.01,2.7
TTEC,27-FEB-23,Dec 2022,0.74,0.89,0.15,20.27
TTEK,01-FEB-23,Dec 2022,1.2,1.34,0.14,11.67
TTGT,09-FEB-23,Dec 2022,0.54,0.68,0.14,25.93
TTI,27-FEB-23,Dec 2022,0.02,0.02,0.0,0.0
TTMI,08-FEB-23,Dec 2022,0.38,0.41,0.03,7.89
TTWO,06-FEB-23,Dec 2022,0.88,0.93,0.05,5.68
TUP,01-MAR-23,Dec 2022,0.19,-0.24,-0.43,-226.32
TW,02-FEB-23,Dec 2022,0.46,0.49,0.03,6.52
TWI,27-FEB-23,Dec 2022,0.45,0.44,-0.01,-2.22
TWKS,28-FEB-23,Dec 2022,0.09,0.1,0.01,11.11
TWLO,15-FEB-23,Dec 2022,-0.09,0.22,0.31,344.44
TWNK,21-FEB-23,Dec 2022,0.24,0.25,0.01,4.17
TWO,08-FEB-23,Dec 2022,0.25,0.26,0.01,4.0
TWOU,02-FEB-23,Dec 2022,0.21,0.23,0.02,9.52
TWST,03-FEB-23,Dec 2022,-1.09,-0.74,0.35,32.11
TXG,15-FEB-23,Dec 2022,-0.29,-0.15,0.14,48.28
TXN,24-JAN-23,Dec 2022,1.96,2.13,0.17,8.67
TXRH,16-FEB-23,Dec 2022,1.02,0.89,-0.13,-12.75
TXT,25-JAN-23,Dec 2022,1.0,1.07,0.07,7.0
TYL,15-FEB-23,Dec 2022,1.74,1.66,-0.08,-4.6
UAA,08-FEB-23,Dec 2022,0.09,0.16,0.07,77.78
UAL,17-JAN-23,Dec 2022,2.07,2.46,0.39,18.84
UBA,10-MAR-23,Jan 2023,0.36,0.18,-0.18,-50.0
UBER,08-FEB-23,Dec 2022,-0.21,0.29,0.5,238.1
UBSI,26-JAN-23,Dec 2022,0.78,0.74,-0.04,-5.13
UCBI,17-JAN-23,Dec 2022,0.83,0.75,-0.08,-9.64
UDMY,14-FEB-23,Dec 2022,-0.23,-0.16,0.07,30.43
UDR,06-FEB-23,Dec 2022,0.61,0.13,-0.48,-78.69
UE,14-FEB-23,Dec 2022,0.3,0.12,-0.18,-60.0
UFCS,15-FEB-23,Dec 2022,0.36,0.18,-0.18,-50.0
UFPI,21-FEB-23,Dec 2022,1.73,2.1,0.37,21.39
UGI,01-FEB-23,Dec 2022,1.06,1.14,0.08,7.55
UHAL,08-FEB-23,Dec 2022,1.45,0.98,-0.47,-32.41
UHS,27-FEB-23,Dec 2022,2.96,3.02,0.06,2.03
UI,03-FEB-23,Dec 2022,1.74,1.86,0.12,6.9
ULH,09-FEB-23,Dec 2022,1.31,1.27,-0.04,-3.05
ULTA,09-MAR-23,Jan 2023,5.69,6.68,0.99,17.4
UMBF,24-JAN-23,Dec 2022,2.04,2.06,0.02,0.98
UMH,28-FEB-23,Dec 2022,0.21,0.01,-0.2,-95.24
UNF,04-JAN-23,Nov 2022,1.95,2.21,0.26,13.33
UNFI,08-MAR-23,Jan 2023,1.38,0.78,-0.6,-43.48
UNH,13-JAN-23,Dec 2022,5.17,5.34,0.17,3.29
UNIT,24-FEB-23,Dec 2022,0.45,0.13,-0.32,-71.11
UNM,31-JAN-23,Dec 2022,1.46,1.43,-0.03,-2.05
UNP,24-JAN-23,Dec 2022,2.75,2.67,-0.08,-2.91
UNVR,21-FEB-23,Dec 2022,0.56,0.47,-0.09,-16.07
UPS,31-JAN-23,Dec 2022,3.58,3.62,0.04,1.12
UPST,14-FEB-23,Dec 2022,-0.48,-0.25,0.23,47.92
UPWK,15-FEB-23,Dec 2022,-0.03,0.04,0.07,233.33
URBN,28-FEB-23,Jan 2023,0.39,0.39,0.0,0.0
URG,06-MAR-23,Dec 2022,-0.01,-0.02,-0.01,-100.0
URI,25-JAN-23,Dec 2022,10.12,9.74,-0.38,-3.75
USB,25-JAN-23,Dec 2022,1.11,1.2,0.09,8.11
USFD,16-FEB-23,Dec 2022,0.54,0.55,0.01,1.85
USM,16-FEB-23,Dec 2022,-0.38,-0.33,0.05,13.16
USNA,07-FEB-23,Dec 2022,0.35,0.66,0.31,88.57
USPH,22-FEB-23,Dec 2022,0.58,0.58,0.0,0.0
UTHR,22-FEB-23,Dec 2022,4.12,2.67,-1.45,-35.19
UTL,14-FEB-23,Dec 2022,0.84,0.91,0.07,8.33
UTZ,02-MAR-23,Dec 2022,0.12,0.15,0.03,25.0
UUUU,08-MAR-23,Dec 2022,-0.05,-0.11,-0.06,-120.0
UVE,23-FEB-23,Dec 2022,-0.28,0.72,1.0,357.14
UVSP,25-JAN-23,Dec 2022,0.76,0.81,0.05,6.58
V,26-JAN-23,Dec 2022,2.01,2.18,0.17,8.46
VAC,22-FEB-23,Dec 2022,2.85,2.74,-0.11,-3.86
VBTX,24-JAN-23,Dec 2022,0.87,0.74,-0.13,-14.94
VC,16-FEB-23,Dec 2022,1.47,1.32,-0.15,-10.2
VCEL,23-FEB-23,Dec 2022,0.02,0.12,0.1,500.0
VCTR,09-FEB-23,Dec 2022,1.05,1.05,0.0,0.0
VCYT,22-FEB-23,Dec 2022,-0.15,-0.05,0.1,66.67
VECO,15-FEB-23,Dec 2022,0.35,0.38,0.03,8.57
VEEV,01-MAR-23,Jan 2023,1.04,1.15,0.11,10.58
VERU,09-FEB-23,Dec 2022,-0.38,-0.46,-0.08,-21.05
VFC,07-FEB-23,Dec 2022,0.99,1.12,0.13,13.13
VGR,15-FEB-23,Dec 2022,0.2,0.31,0.11,55.0
VIAV,02-FEB-23,Dec 2022,0.11,0.14,0.03,27.27
VICI,23-FEB-23,Dec 2022,0.5,0.63,0.13,26.0
VIR,23-FEB-23,Dec 2022,-0.04,-0.76,-0.72,-1800.0
VIRT,26-JAN-23,Dec 2022,0.53,0.37,-0.16,-30.19
VITL,09-MAR-23,Dec 2022,0.05,0.04,-0.01,-20.0
VLO,26-JAN-23,Dec 2022,7.45,8.45,1.0,13.42
VLY,26-JAN-23,Dec 2022,0.36,0.35,-0.01,-2.78
VMC,16-FEB-23,Dec 2022,1.29,1.08,-0.21,-16.28
VMI,22-FEB-23,Dec 2022,3.59,3.57,-0.02,-0.56
VMW,02-MAR-23,Jan 2023,1.98,2.13,0.15,7.58
VNDA,08-FEB-23,Dec 2022,0.08,0.12,0.04,50.0
VNO,13-FEB-23,Dec 2022,0.67,0.1,-0.57,-85.07
VNT,16-FEB-23,Dec 2022,0.81,0.81,0.0,0.0
VOYA,07-FEB-23,Dec 2022,1.53,2.18,0.65,42.48
VRAY,27-FEB-23,Dec 2022,-0.16,-0.15,0.01,6.25
VREX,31-JAN-23,Dec 2022,0.11,0.08,-0.03,-27.27
VRNS,06-FEB-23,Dec 2022,0.17,0.21,0.04,23.53
VRNT,29-MAR-23,Jan 2023,0.71,0.75,0.04,5.63
VRRM,01-MAR-23,Dec 2022,0.22,0.25,0.03,13.64
VRSK,28-FEB-23,Dec 2022,1.17,1.43,0.26,22.22
VRSN,09-FEB-23,Dec 2022,1.53,1.7,0.17,11.11
VRT,22-FEB-23,Dec 2022,0.3,0.28,-0.02,-6.67
VRTS,03-FEB-23,Dec 2022,4.88,5.17,0.29,5.94
VRTV,28-FEB-23,Dec 2022,5.44,5.2,-0.24,-4.41
VRTX,07-FEB-23,Dec 2022,3.53,3.76,0.23,6.52
VSAT,07-FEB-23,Dec 2022,-0.35,-0.61,-0.26,-74.29
VSEC,08-MAR-23,Dec 2022,0.74,0.68,-0.06,-8.11
VSH,08-FEB-23,Dec 2022,0.78,0.69,-0.09,-11.54
VST,01-MAR-23,Dec 2022,0.19,-0.68,-0.87,-457.89
VSTO,02-FEB-23,Dec 2022,1.09,1.3,0.21,19.27
VTR,09-FEB-23,Dec 2022,0.72,-0.11,-0.83,-115.28
VUZI,01-MAR-23,Dec 2022,-0.15,-0.17,-0.02,-13.33
VVI,09-FEB-23,Dec 2022,-1.21,-1.33,-0.12,-9.92
VVV,07-FEB-23,Dec 2022,0.22,0.16,-0.06,-27.27
VXRT,15-MAR-23,Dec 2022,-0.22,-0.18,0.04,18.18
VZ,24-JAN-23,Dec 2022,1.2,1.19,-0.01,-0.83
W,23-FEB-23,Dec 2022,-1.63,-1.71,-0.08,-4.91
WAB,15-FEB-23,Dec 2022,1.3,1.3,0.0,0.0
WABC,19-JAN-23,Dec 2022,1.46,1.46,0.0,0.0
WAFD,12-JAN-23,Dec 2022,1.11,1.16,0.05,4.5
WAL,24-JAN-23,Dec 2022,2.67,2.67,0.0,0.0
WASH,25-JAN-23,Dec 2022,1.13,0.95,-0.18,-15.93
WAT,15-FEB-23,Dec 2022,3.74,3.84,0.1,2.67
WBA,05-JAN-23,Nov 2022,1.15,1.16,0.01,0.87
WBD,23-FEB-23,Dec 2022,-0.03,0.42,0.45,1500.0
WBS,26-JAN-23,Dec 2022,1.66,1.6,-0.06,-3.61
WCC,14-FEB-23,Dec 2022,3.81,4.13,0.32,8.4
WD,21-FEB-23,Dec 2022,1.55,1.41,-0.14,-9.03
WDAY,27-FEB-23,Jan 2023,0.89,0.99,0.1,11.24
WDC,31-JAN-23,Dec 2022,-0.08,-0.42,-0.34,-425.0
WDFC,09-JAN-23,Nov 2022,1.09,1.02,-0.07,-6.42
WEC,02-FEB-23,Dec 2022,0.75,0.8,0.05,6.67
WELL,15-FEB-23,Dec 2022,0.82,-0.01,-0.83,-101.22
WEN,01-MAR-23,Dec 2022,0.2,0.22,0.02,10.0
WERN,07-FEB-23,Dec 2022,0.92,0.99,0.07,7.61
WEX,09-FEB-23,Dec 2022,3.21,3.44,0.23,7.17
WFC,13-JAN-23,Dec 2022,0.63,0.67,0.04,6.35
WGO,16-DEC-22,Nov 2022,1.83,2.07,0.24,13.11
WH,15-FEB-23,Dec 2022,0.63,0.72,0.09,14.29
WHD,22-FEB-23,Dec 2022,0.51,0.57,0.06,11.76
WHR,30-JAN-23,Dec 2022,3.43,3.89,0.46,13.41
WING,22-FEB-23,Dec 2022,0.42,0.6,0.18,42.86
WIRE,14-FEB-23,Dec 2022,4.61,8.28,3.67,79.61
WISH,23-FEB-23,Dec 2022,-0.18,-0.16,0.02,11.11
WIX,22-FEB-23,Dec 2022,0.08,0.61,0.53,662.5
WK,21-FEB-23,Dec 2022,-0.1,0.08,0.18,180.0
WKHS,01-MAR-23,Dec 2022,-0.16,-0.24,-0.08,-50.0
WLK,21-FEB-23,Dec 2022,2.24,1.79,-0.45,-20.09
WM,31-JAN-23,Dec 2022,1.39,1.3,-0.09,-6.47
WMB,20-FEB-23,Dec 2022,0.47,0.53,0.06,12.77
WMS,02-FEB-23,Dec 2022,1.04,0.99,-0.05,-4.81
WMT,21-FEB-23,Jan 2023,1.52,1.71,0.19,12.5
WNC,02-FEB-23,Dec 2022,0.71,0.84,0.13,18.31
WOLF,25-JAN-23,Dec 2022,-0.14,-0.11,0.03,21.43
WOOF,22-MAR-23,Jan 2023,0.24,0.23,-0.01,-4.17
WOR,20-DEC-22,Nov 2022,0.56,0.44,-0.12,-21.43
WOW,23-FEB-23,Dec 2022,0.08,-0.15,-0.23,-287.5
WPC,10-FEB-23,Dec 2022,1.29,1.0,-0.29,-22.48
WRB,26-JAN-23,Dec 2022,1.07,1.16,0.09,8.41
WRK,01-FEB-23,Dec 2022,0.6,0.55,-0.05,-8.33
WRLD,26-JAN-23,Dec 2022,-0.01,0.78,0.79,7900.0
WSBC,24-JAN-23,Dec 2022,0.83,0.84,0.01,1.2
WSBF,26-JAN-23,Dec 2022,0.15,0.04,-0.11,-73.33
WSC,21-FEB-23,Dec 2022,0.42,0.46,0.04,9.52
WSFS,26-JAN-23,Dec 2022,1.37,1.38,0.01,0.73
WSM,16-MAR-23,Jan 2023,5.41,5.5,0.09,1.66
WSO,16-FEB-23,Dec 2022,2.12,2.35,0.23,10.85
WSR,28-FEB-23,Dec 2022,0.19,0.4,0.21,110.53
WST,16-FEB-23,Dec 2022,1.39,1.77,0.38,27.34
WTBA,26-JAN-23,Dec 2022,0.58,0.53,-0.05,-8.62
WTFC,18-JAN-23,Dec 2022,2.6,2.23,-0.37,-14.23
WTI,07-MAR-23,Dec 2022,0.03,0.1,0.07,233.33
WTRG,27-FEB-23,Dec 2022,0.45,0.44,-0.01,-2.22
WTS,08-FEB-23,Dec 2022,1.54,1.6,0.06,3.9
WTTR,21-FEB-23,Dec 2022,0.23,0.07,-0.16,-69.57
WTW,09-FEB-23,Dec 2022,6.29,6.33,0.04,0.64
WU,07-FEB-23,Dec 2022,0.34,0.32,-0.02,-5.88
WWD,30-JAN-23,Dec 2022,0.6,0.49,-0.11,-18.33
WWE,02-FEB-23,Dec 2022,0.6,0.52,-0.08,-13.33
WWW,22-FEB-23,Dec 2022,-0.14,-0.15,-0.01,-7.14
WY,26-JAN-23,Dec 2022,0.18,0.24,0.06,33.33
WYNN,08-FEB-23,Dec 2022,-1.17,-1.23,-0.06,-5.13
X,02-FEB-23,Dec 2022,0.6,0.87,0.27,45.0
XEL,26-JAN-23,Dec 2022,0.69,0.69,0.0,0.0
XERS,08-MAR-23,Dec 2022,-0.16,-0.1,0.06,37.5
XHR,01-MAR-23,Dec 2022,0.35,0.31,-0.04,-11.43
XNCR,23-FEB-23,Dec 2022,-0.83,-0.2,0.63,75.9
XOM,31-JAN-23,Dec 2022,3.32,3.4,0.08,2.41
XPEL,28-FEB-23,Dec 2022,0.41,0.3,-0.11,-26.83
XPER,21-FEB-23,Dec 2022,-0.45,0.08,0.53,117.78
XPO,08-FEB-23,Dec 2022,0.82,0.98,0.16,19.51
XRAY,28-FEB-23,Dec 2022,0.32,0.46,0.14,43.75
XRX,26-JAN-23,Dec 2022,0.54,0.89,0.35,64.81
XYL,07-FEB-23,Dec 2022,0.8,0.92,0.12,15.0
YELP,09-FEB-23,Dec 2022,0.31,0.28,-0.03,-9.68
YETI,23-FEB-23,Dec 2022,0.79,0.78,-0.01,-1.27
YEXT,07-MAR-23,Jan 2023,0.03,0.05,0.02,66.67
YMAB,30-MAR-23,Dec 2022,-0.44,0.03,0.47,106.82
YORW,07-MAR-23,Dec 2022,0.32,0.35,0.03,9.38
YUM,08-FEB-23,Dec 2022,1.25,1.31,0.06,4.8
ZBH,03-FEB-23,Dec 2022,1.83,1.88,0.05,2.73
ZBRA,16-FEB-23,Dec 2022,4.54,4.75,0.21,4.63
ZD,15-FEB-23,Dec 2022,2.43,2.26,-0.17,-7.0
ZETA,23-FEB-23,Dec 2022,0.09,0.11,0.02,22.22
ZEUS,23-FEB-23,Dec 2022,0.21,0.27,0.06,28.57
ZG,15-FEB-23,Dec 2022,0.1,0.21,0.11,110.0
ZI,06-FEB-23,Dec 2022,0.22,0.26,0.04,18.18
ZION,23-JAN-23,Dec 2022,1.66,1.84,0.18,10.84
ZIP,21-FEB-23,Dec 2022,0.09,0.17,0.08,88.89
ZM,27-FEB-23,Jan 2023,0.79,1.22,0.43,54.43
ZNTL,01-MAR-23,Dec 2022,-1.09,-0.92,0.17,15.6
ZS,02-MAR-23,Jan 2023,0.29,0.37,0.08,27.59
ZTS,14-FEB-23,Dec 2022,1.15,1.15,0.0,0.0
ZUMZ,09-MAR-23,Jan 2023,0.49,0.59,0.1,20.41
ZUO,01-MAR-23,Jan 2023,-0.06,-0.04,0.02,33.33
